sku,date,units_sold,revenue,promotion_flag,stockout_flag
EL-001,2023-06-01,674,101093.26,0,0
EL-001,2023-07-01,648,97193.52,0,0
EL-001,2023-08-01,591,88644.09,0,0
EL-001,2023-09-01,569,85344.31,0,0
EL-001,2023-10-01,611,91643.89,1,0
EL-001,2023-11-01,387,58046.13,0,0
EL-001,2023-12-01,371,55646.29,0,0
EL-001,2024-01-01,423,63445.77,0,0
EL-001,2024-02-01,200,29998,0,1
EL-001,2024-03-01,602,90293.98,0,0
EL-001,2024-04-01,725,108742.75,0,0
EL-001,2024-05-01,794,119092.06,0,0
EL-001,2024-06-01,778,116692.22,0,0
EL-001,2024-07-01,764,114592.36,0,0
EL-001,2024-08-01,727,109042.73,0,0
EL-001,2024-09-01,627,94043.73,0,0
EL-001,2024-10-01,606,90893.94,0,0
EL-001,2024-11-01,494,74095.06,0,0
EL-001,2024-12-01,473,70945.27,0,0
EL-001,2025-01-01,507,76044.93,0,0
EL-001,2025-02-01,624,93593.76,0,0
EL-001,2025-03-01,682,102293.18,0,0
EL-001,2025-04-01,815,122241.85,0,0
EL-001,2025-05-01,1213,181937.87,1,0
EL-001,2025-06-01,907,136040.93,0,0
EL-001,2025-07-01,820,122991.8,0,0
EL-001,2025-08-01,819,122841.81,0,0
EL-001,2025-09-01,727,109042.73,0,0
EL-001,2025-10-01,700,104993,0,0
EL-001,2025-11-01,576,86394.24,0,0
EL-001,2025-12-01,578,86694.22,0,0
EL-001,2026-01-01,587,88044.13,0,0
EL-001,2026-02-01,892,133791.08,1,0
EL-001,2026-03-01,821,123141.79,0,0
EL-001,2026-04-01,913,136940.87,0,0
EL-001,2026-05-01,1006,150889.94,0,0
EL-001,2026-06-01,959,143840.41,0,0
EL-002,2023-06-01,718,215392.82,0,0
EL-002,2023-07-01,615,184493.85,0,0
EL-002,2023-08-01,606,181793.94,0,0
EL-002,2023-09-01,583,174894.17,0,0
EL-002,2023-10-01,467,140095.33,0,0
EL-002,2023-11-01,381,114296.19,0,0
EL-002,2023-12-01,511,153294.89,1,0
EL-002,2024-01-01,404,121195.96,0,0
EL-002,2024-02-01,548,164394.52,0,0
EL-002,2024-03-01,640,191993.6,0,0
EL-002,2024-04-01,679,203693.21,0,0
EL-002,2024-05-01,763,228892.37,0,0
EL-002,2024-06-01,1193,357888.07,1,0
EL-002,2024-07-01,761,228292.39,0,0
EL-002,2024-08-01,715,214492.85,0,0
EL-002,2024-09-01,978,293390.22,1,0
EL-002,2024-10-01,234,70197.66,0,1
EL-002,2024-11-01,506,151794.94,0,0
EL-002,2024-12-01,474,142195.26,0,0
EL-002,2025-01-01,480,143995.2,0,0
EL-002,2025-02-01,606,181793.94,0,0
EL-002,2025-03-01,698,209393.02,0,0
EL-002,2025-04-01,802,240591.98,0,0
EL-002,2025-05-01,886,265791.14,0,0
EL-002,2025-06-01,1164,349188.36,1,0
EL-002,2025-07-01,1139,341688.61,1,0
EL-002,2025-08-01,797,239092.03,0,0
EL-002,2025-09-01,731,219292.69,0,0
EL-002,2025-10-01,651,195293.49,0,0
EL-002,2025-11-01,560,167994.4,0,0
EL-002,2025-12-01,812,243591.88,1,0
EL-002,2026-01-01,860,257991.4,1,0
EL-002,2026-02-01,700,209993,0,0
EL-002,2026-03-01,798,239392.02,0,0
EL-002,2026-04-01,880,263991.2,0,0
EL-002,2026-05-01,961,288290.39,0,0
EL-002,2026-06-01,1005,301489.95,0,0
EL-003,2023-06-01,710,56792.9,0,0
EL-003,2023-07-01,642,51353.58,0,0
EL-003,2023-08-01,619,49513.81,0,0
EL-003,2023-09-01,539,43114.61,0,0
EL-003,2023-10-01,518,41434.82,0,0
EL-003,2023-11-01,375,29996.25,0,0
EL-003,2023-12-01,362,28956.38,0,0
EL-003,2024-01-01,400,31996,0,0
EL-003,2024-02-01,525,41994.75,0,0
EL-003,2024-03-01,604,48313.96,0,0
EL-003,2024-04-01,730,58392.7,0,0
EL-003,2024-05-01,759,60712.41,0,0
EL-003,2024-06-01,824,65911.76,0,0
EL-003,2024-07-01,713,57032.87,0,0
EL-003,2024-08-01,694,55513.06,0,0
EL-003,2024-09-01,679,54313.21,0,0
EL-003,2024-10-01,569,45514.31,0,0
EL-003,2024-11-01,464,37115.36,0,0
EL-003,2024-12-01,464,37115.36,0,0
EL-003,2025-01-01,502,40154.98,0,0
EL-003,2025-02-01,617,49353.83,0,0
EL-003,2025-03-01,700,55993,0,0
EL-003,2025-04-01,786,62872.14,0,0
EL-003,2025-05-01,883,70631.17,0,0
EL-003,2025-06-01,918,73430.82,0,0
EL-003,2025-07-01,808,64631.92,0,0
EL-003,2025-08-01,817,65351.83,0,0
EL-003,2025-09-01,780,62392.2,0,0
EL-003,2025-10-01,706,56472.94,0,0
EL-003,2025-11-01,693,55433.07,1,0
EL-003,2025-12-01,582,46554.18,0,0
EL-003,2026-01-01,611,48873.89,0,0
EL-003,2026-02-01,1042,83349.58,1,0
EL-003,2026-03-01,776,62072.24,0,0
EL-003,2026-04-01,934,74710.66,0,0
EL-003,2026-05-01,1005,80389.95,0,0
EL-003,2026-06-01,1430,114385.7,1,0
AP-001,2023-06-01,722,86632.78,0,0
AP-001,2023-07-01,669,80273.31,0,0
AP-001,2023-08-01,625,74993.75,0,0
AP-001,2023-09-01,544,65274.56,0,0
AP-001,2023-10-01,712,85432.88,1,0
AP-001,2023-11-01,410,49195.9,0,0
AP-001,2023-12-01,363,43556.37,0,0
AP-001,2024-01-01,418,50155.82,0,0
AP-001,2024-02-01,699,83873.01,1,0
AP-001,2024-03-01,611,73313.89,0,0
AP-001,2024-04-01,704,84472.96,0,0
AP-001,2024-05-01,1159,139068.41,1,0
AP-001,2024-06-01,815,97791.85,0,0
AP-001,2024-07-01,765,91792.35,0,0
AP-001,2024-08-01,715,85792.85,0,0
AP-001,2024-09-01,656,78713.44,0,0
AP-001,2024-10-01,598,71754.02,0,0
AP-001,2024-11-01,458,54955.42,0,0
AP-001,2024-12-01,434,52075.66,0,0
AP-001,2025-01-01,472,56635.28,0,0
AP-001,2025-02-01,614,73673.86,0,0
AP-001,2025-03-01,679,81473.21,0,0
AP-001,2025-04-01,830,99591.7,0,0
AP-001,2025-05-01,1160,139188.4,1,0
AP-001,2025-06-01,856,102711.44,0,0
AP-001,2025-07-01,803,96351.97,0,0
AP-001,2025-08-01,803,96351.97,0,0
AP-001,2025-09-01,722,86632.78,0,0
AP-001,2025-10-01,703,84352.97,0,0
AP-001,2025-11-01,544,65274.56,0,0
AP-001,2025-12-01,574,68874.26,0,0
AP-001,2026-01-01,596,71514.04,0,0
AP-001,2026-02-01,705,84592.95,0,0
AP-001,2026-03-01,797,95632.03,0,0
AP-001,2026-04-01,887,106431.13,0,0
AP-001,2026-05-01,994,119270.06,0,0
AP-001,2026-06-01,997,119630.03,0,0
FB-001,2023-06-01,668,16693.32,0,0
FB-001,2023-07-01,942,23540.58,1,0
FB-001,2023-08-01,624,15593.76,0,0
FB-001,2023-09-01,554,13844.46,0,0
FB-001,2023-10-01,504,12594.96,0,0
FB-001,2023-11-01,489,12220.11,1,0
FB-001,2023-12-01,481,12020.19,1,0
FB-001,2024-01-01,620,15493.8,1,0
FB-001,2024-02-01,528,13194.72,0,0
FB-001,2024-03-01,829,20716.71,1,0
FB-001,2024-04-01,727,18167.73,0,0
FB-001,2024-05-01,800,19992,0,0
FB-001,2024-06-01,772,19292.28,0,0
FB-001,2024-07-01,749,18717.51,0,0
FB-001,2024-08-01,670,16743.3,0,0
FB-001,2024-09-01,631,15768.69,0,0
FB-001,2024-10-01,575,14369.25,0,0
FB-001,2024-11-01,476,11895.24,0,0
FB-001,2024-12-01,664,16593.36,1,0
FB-001,2025-01-01,495,12370.05,0,0
FB-001,2025-02-01,588,14694.12,0,0
FB-001,2025-03-01,708,17692.92,0,0
FB-001,2025-04-01,1124,28088.76,1,0
FB-001,2025-05-01,880,21991.2,0,0
FB-001,2025-06-01,854,21341.46,0,0
FB-001,2025-07-01,825,20616.75,0,0
FB-001,2025-08-01,799,19967.01,0,0
FB-001,2025-09-01,919,22965.81,1,0
FB-001,2025-10-01,685,17118.15,0,0
FB-001,2025-11-01,308,7696.92,1,1
FB-001,2025-12-01,540,13494.6,0,0
FB-001,2026-01-01,572,14294.28,0,0
FB-001,2026-02-01,687,17168.13,0,0
FB-001,2026-03-01,818,20441.82,0,0
FB-001,2026-04-01,897,22416.03,0,0
FB-001,2026-05-01,928,23190.72,0,0
FB-001,2026-06-01,981,24515.19,0,0
EL-1000,2023-06-01,302,18264.96,0,1
EL-1000,2023-07-01,720,43545.6,0,0
EL-1000,2023-08-01,688,41610.24,0,0
EL-1000,2023-09-01,631,38162.88,0,0
EL-1000,2023-10-01,497,30058.56,0,0
EL-1000,2023-11-01,398,24071.04,0,0
EL-1000,2023-12-01,552,33384.96,1,0
EL-1000,2024-01-01,437,26429.76,0,0
EL-1000,2024-02-01,583,35259.84,0,0
EL-1000,2024-03-01,651,39372.48,0,0
EL-1000,2024-04-01,747,45178.56,0,0
EL-1000,2024-05-01,886,53585.28,0,0
EL-1000,2024-06-01,859,51952.32,0,0
EL-1000,2024-07-01,786,47537.28,0,0
EL-1000,2024-08-01,795,48081.6,0,0
EL-1000,2024-09-01,705,42638.4,0,0
EL-1000,2024-10-01,253,15301.44,0,1
EL-1000,2024-11-01,490,29635.2,0,0
EL-1000,2024-12-01,517,31268.16,0,0
EL-1000,2025-01-01,521,31510.08,0,0
EL-1000,2025-02-01,669,40461.12,0,0
EL-1000,2025-03-01,796,48142.08,0,0
EL-1000,2025-04-01,895,54129.6,0,0
EL-1000,2025-05-01,962,58181.76,0,0
EL-1000,2025-06-01,954,57697.92,0,0
EL-1000,2025-07-01,909,54976.32,0,0
EL-1000,2025-08-01,841,50863.68,0,0
EL-1000,2025-09-01,799,48323.52,0,0
EL-1000,2025-10-01,727,43968.96,0,0
EL-1000,2025-11-01,622,37618.56,0,0
EL-1000,2025-12-01,611,36953.28,0,0
EL-1000,2026-01-01,663,40098.24,0,0
EL-1000,2026-02-01,748,45239.04,0,0
EL-1000,2026-03-01,854,51649.92,0,0
EL-1000,2026-04-01,947,57274.56,0,0
EL-1000,2026-05-01,1091,65983.68,0,0
EL-1000,2026-06-01,1507,91143.36,1,0
EL-1001,2023-06-01,748,36966.16,0,0
EL-1001,2023-07-01,693,34248.06,0,0
EL-1001,2023-08-01,670,33111.4,0,0
EL-1001,2023-09-01,633,31282.86,0,0
EL-1001,2023-10-01,536,26489.12,0,0
EL-1001,2023-11-01,444,21942.48,0,0
EL-1001,2023-12-01,615,30393.3,1,0
EL-1001,2024-01-01,401,19817.42,0,0
EL-1001,2024-02-01,566,27971.72,0,0
EL-1001,2024-03-01,673,33259.66,0,0
EL-1001,2024-04-01,766,37855.72,0,0
EL-1001,2024-05-01,824,40722.08,0,0
EL-1001,2024-06-01,887,43835.54,0,0
EL-1001,2024-07-01,810,40030.2,0,0
EL-1001,2024-08-01,797,39387.74,0,0
EL-1001,2024-09-01,725,35829.5,0,0
EL-1001,2024-10-01,656,32419.52,0,0
EL-1001,2024-11-01,549,27131.58,0,0
EL-1001,2024-12-01,485,23968.7,0,0
EL-1001,2025-01-01,518,25599.56,0,0
EL-1001,2025-02-01,277,13689.34,0,1
EL-1001,2025-03-01,750,37065,0,0
EL-1001,2025-04-01,850,42007,0,0
EL-1001,2025-05-01,1372,67804.24,1,0
EL-1001,2025-06-01,964,47640.88,0,0
EL-1001,2025-07-01,910,44972.2,0,0
EL-1001,2025-08-01,855,42254.1,0,0
EL-1001,2025-09-01,853,42155.26,0,0
EL-1001,2025-10-01,750,37065,0,0
EL-1001,2025-11-01,879,43440.18,1,0
EL-1001,2025-12-01,587,29009.54,0,0
EL-1001,2026-01-01,658,32518.36,0,0
EL-1001,2026-02-01,747,36916.74,0,0
EL-1001,2026-03-01,1269,62713.98,1,0
EL-1001,2026-04-01,1004,49617.68,0,0
EL-1001,2026-05-01,1040,51396.8,0,0
EL-1001,2026-06-01,1088,53768.96,0,0
EL-1002,2023-06-01,754,83309.46,0,0
EL-1002,2023-07-01,665,73475.85,0,0
EL-1002,2023-08-01,695,76790.55,0,0
EL-1002,2023-09-01,622,68724.78,0,0
EL-1002,2023-10-01,730,80657.7,1,0
EL-1002,2023-11-01,411,45411.39,0,0
EL-1002,2023-12-01,549,60659.01,1,0
EL-1002,2024-01-01,457,50493.93,0,0
EL-1002,2024-02-01,536,59222.64,0,0
EL-1002,2024-03-01,681,75243.69,0,0
EL-1002,2024-04-01,791,87397.59,0,0
EL-1002,2024-05-01,845,93364.05,0,0
EL-1002,2024-06-01,871,96236.79,0,0
EL-1002,2024-07-01,1132,125074.68,1,0
EL-1002,2024-08-01,804,88833.96,0,0
EL-1002,2024-09-01,736,81320.64,0,0
EL-1002,2024-10-01,625,69056.25,0,0
EL-1002,2024-11-01,532,58780.68,0,0
EL-1002,2024-12-01,487,53808.63,0,0
EL-1002,2025-01-01,829,91596.21,1,0
EL-1002,2025-02-01,691,76348.59,0,0
EL-1002,2025-03-01,772,85298.28,0,0
EL-1002,2025-04-01,874,96568.26,0,0
EL-1002,2025-05-01,927,102424.23,0,0
EL-1002,2025-06-01,972,107396.28,0,0
EL-1002,2025-07-01,884,97673.16,0,0
EL-1002,2025-08-01,881,97341.69,0,0
EL-1002,2025-09-01,839,92701.11,0,0
EL-1002,2025-10-01,1092,120655.08,1,0
EL-1002,2025-11-01,615,67951.35,0,0
EL-1002,2025-12-01,812,89717.88,1,0
EL-1002,2026-01-01,657,72591.93,0,0
EL-1002,2026-02-01,799,88281.51,0,0
EL-1002,2026-03-01,1226,135460.74,1,0
EL-1002,2026-04-01,1377,152144.73,1,0
EL-1002,2026-05-01,1463,161646.87,1,0
EL-1002,2026-06-01,1066,117782.34,0,0
EL-1003,2023-06-01,760,51535.6,0,0
EL-1003,2023-07-01,671,45500.51,0,0
EL-1003,2023-08-01,697,47263.57,0,0
EL-1003,2023-09-01,601,40753.81,0,0
EL-1003,2023-10-01,510,34583.1,0,0
EL-1003,2023-11-01,446,30243.26,0,0
EL-1003,2023-12-01,510,34583.1,1,0
EL-1003,2024-01-01,540,36617.4,1,0
EL-1003,2024-02-01,562,38109.22,0,0
EL-1003,2024-03-01,657,44551.17,0,0
EL-1003,2024-04-01,758,51399.98,0,0
EL-1003,2024-05-01,891,60418.71,0,0
EL-1003,2024-06-01,856,58045.36,0,0
EL-1003,2024-07-01,804,54519.24,0,0
EL-1003,2024-08-01,793,53773.33,0,0
EL-1003,2024-09-01,687,46585.47,0,0
EL-1003,2024-10-01,651,44144.31,0,0
EL-1003,2024-11-01,498,33769.38,0,0
EL-1003,2024-12-01,533,36142.73,0,0
EL-1003,2025-01-01,567,38448.27,0,0
EL-1003,2025-02-01,392,26581.52,1,1
EL-1003,2025-03-01,804,54519.24,0,0
EL-1003,2025-04-01,909,61639.29,0,0
EL-1003,2025-05-01,398,26988.38,0,1
EL-1003,2025-06-01,1006,68216.86,0,0
EL-1003,2025-07-01,880,59672.8,0,0
EL-1003,2025-08-01,863,58520.03,0,0
EL-1003,2025-09-01,853,57841.93,0,0
EL-1003,2025-10-01,1070,72556.7,1,0
EL-1003,2025-11-01,627,42516.87,0,0
EL-1003,2025-12-01,799,54180.19,1,0
EL-1003,2026-01-01,636,43127.16,0,0
EL-1003,2026-02-01,812,55061.72,0,0
EL-1003,2026-03-01,854,57909.74,0,0
EL-1003,2026-04-01,975,66114.75,0,0
EL-1003,2026-05-01,1073,72760.13,0,0
EL-1003,2026-06-01,1110,75269.1,0,0
EL-1004,2023-06-01,773,120162.85,0,0
EL-1004,2023-07-01,702,109125.9,0,0
EL-1004,2023-08-01,651,101197.95,0,0
EL-1004,2023-09-01,615,95601.75,0,0
EL-1004,2023-10-01,531,82543.95,0,0
EL-1004,2023-11-01,402,62490.9,0,0
EL-1004,2023-12-01,410,63734.5,0,0
EL-1004,2024-01-01,443,68864.35,0,0
EL-1004,2024-02-01,238,36997.1,0,1
EL-1004,2024-03-01,678,105395.1,0,0
EL-1004,2024-04-01,808,125603.6,0,0
EL-1004,2024-05-01,883,137262.35,0,0
EL-1004,2024-06-01,840,130578,0,0
EL-1004,2024-07-01,802,124670.9,0,0
EL-1004,2024-08-01,744,115654.8,0,0
EL-1004,2024-09-01,733,113944.85,0,0
EL-1004,2024-10-01,853,132598.85,1,0
EL-1004,2024-11-01,499,77569.55,0,0
EL-1004,2024-12-01,507,78813.15,0,0
EL-1004,2025-01-01,538,83632.1,0,0
EL-1004,2025-02-01,703,109281.35,0,0
EL-1004,2025-03-01,761,118297.45,0,0
EL-1004,2025-04-01,870,135241.5,0,0
EL-1004,2025-05-01,1000,155450,0,0
EL-1004,2025-06-01,952,147988.4,0,0
EL-1004,2025-07-01,1328,206437.6,1,0
EL-1004,2025-08-01,1131,175813.95,1,0
EL-1004,2025-09-01,853,132598.85,0,0
EL-1004,2025-10-01,711,110524.95,0,0
EL-1004,2025-11-01,637,99021.65,0,0
EL-1004,2025-12-01,594,92337.3,0,0
EL-1004,2026-01-01,632,98244.4,0,0
EL-1004,2026-02-01,754,117209.3,0,0
EL-1004,2026-03-01,843,131044.35,0,0
EL-1004,2026-04-01,996,154828.2,0,0
EL-1004,2026-05-01,1080,167886,0,0
EL-1004,2026-06-01,1079,167730.55,0,0
EL-1005,2023-06-01,788,55782.52,0,0
EL-1005,2023-07-01,692,48986.68,0,0
EL-1005,2023-08-01,692,48986.68,0,0
EL-1005,2023-09-01,589,41695.31,0,0
EL-1005,2023-10-01,526,37235.54,0,0
EL-1005,2023-11-01,422,29873.38,0,0
EL-1005,2023-12-01,404,28599.16,0,0
EL-1005,2024-01-01,415,29377.85,0,0
EL-1005,2024-02-01,549,38863.71,0,0
EL-1005,2024-03-01,664,47004.56,0,0
EL-1005,2024-04-01,778,55074.62,0,0
EL-1005,2024-05-01,878,62153.62,0,0
EL-1005,2024-06-01,842,59605.18,0,0
EL-1005,2024-07-01,835,59109.65,0,0
EL-1005,2024-08-01,790,55924.1,0,0
EL-1005,2024-09-01,753,53304.87,0,0
EL-1005,2024-10-01,888,62861.52,1,0
EL-1005,2024-11-01,544,38509.76,0,0
EL-1005,2024-12-01,467,33058.93,0,0
EL-1005,2025-01-01,560,39642.4,0,0
EL-1005,2025-02-01,709,50190.11,0,0
EL-1005,2025-03-01,788,55782.52,0,0
EL-1005,2025-04-01,892,63144.68,0,0
EL-1005,2025-05-01,995,70436.05,0,0
EL-1005,2025-06-01,979,69303.41,0,0
EL-1005,2025-07-01,928,65693.12,0,0
EL-1005,2025-08-01,867,61374.93,0,0
EL-1005,2025-09-01,845,59817.55,0,0
EL-1005,2025-10-01,1044,73904.76,1,0
EL-1005,2025-11-01,609,43111.11,0,0
EL-1005,2025-12-01,789,55853.31,1,0
EL-1005,2026-01-01,647,45801.13,0,0
EL-1005,2026-02-01,765,54154.35,0,0
EL-1005,2026-03-01,907,64206.53,0,0
EL-1005,2026-04-01,1000,70790,0,0
EL-1005,2026-05-01,1382,97831.78,1,0
EL-1005,2026-06-01,1092,77302.68,0,0
EL-1006,2023-06-01,800,65720,0,0
EL-1006,2023-07-01,731,60051.65,0,0
EL-1006,2023-08-01,695,57094.25,0,0
EL-1006,2023-09-01,631,51836.65,0,0
EL-1006,2023-10-01,511,41978.65,0,0
EL-1006,2023-11-01,408,33517.2,0,0
EL-1006,2023-12-01,495,40664.25,1,0
EL-1006,2024-01-01,421,34585.15,0,0
EL-1006,2024-02-01,572,46989.8,0,0
EL-1006,2024-03-01,672,55204.8,0,0
EL-1006,2024-04-01,784,64405.6,0,0
EL-1006,2024-05-01,1120,92008,1,0
EL-1006,2024-06-01,859,70566.85,0,0
EL-1006,2024-07-01,781,64159.15,0,0
EL-1006,2024-08-01,750,61612.5,0,0
EL-1006,2024-09-01,743,61037.45,0,0
EL-1006,2024-10-01,670,55040.5,0,0
EL-1006,2024-11-01,550,45182.5,0,0
EL-1006,2024-12-01,505,41485.75,0,0
EL-1006,2025-01-01,520,42718,0,0
EL-1006,2025-02-01,676,55533.4,0,0
EL-1006,2025-03-01,761,62516.15,0,0
EL-1006,2025-04-01,916,75249.4,0,0
EL-1006,2025-05-01,938,77056.7,0,0
EL-1006,2025-06-01,994,81657.1,0,0
EL-1006,2025-07-01,892,73277.8,0,0
EL-1006,2025-08-01,886,72784.9,0,0
EL-1006,2025-09-01,337,27684.55,0,1
EL-1006,2025-10-01,766,62926.9,0,0
EL-1006,2025-11-01,663,54465.45,0,0
EL-1006,2025-12-01,332,27273.8,1,1
EL-1006,2026-01-01,681,55944.15,0,0
EL-1006,2026-02-01,1034,84943.1,1,0
EL-1006,2026-03-01,858,70484.7,0,0
EL-1006,2026-04-01,1009,82889.35,0,0
EL-1006,2026-05-01,1086,89214.9,0,0
EL-1006,2026-06-01,1328,109095.2,1,0
EL-1007,2023-06-01,741,168347.79,0,0
EL-1007,2023-07-01,706,160396.14,0,0
EL-1007,2023-08-01,685,155625.15,0,0
EL-1007,2023-09-01,615,139721.85,0,0
EL-1007,2023-10-01,531,120637.89,0,0
EL-1007,2023-11-01,400,90876,0,0
EL-1007,2023-12-01,572,129952.68,1,0
EL-1007,2024-01-01,166,37713.54,0,1
EL-1007,2024-02-01,578,131315.82,0,0
EL-1007,2024-03-01,682,154943.58,0,0
EL-1007,2024-04-01,805,182887.95,0,0
EL-1007,2024-05-01,1164,264449.16,1,0
EL-1007,2024-06-01,895,203335.05,0,0
EL-1007,2024-07-01,811,184251.09,0,0
EL-1007,2024-08-01,807,183342.33,0,0
EL-1007,2024-09-01,1157,262858.83,1,0
EL-1007,2024-10-01,651,147900.69,0,0
EL-1007,2024-11-01,510,115866.9,0,0
EL-1007,2024-12-01,490,111323.1,0,0
EL-1007,2025-01-01,547,124272.93,0,0
EL-1007,2025-02-01,702,159487.38,0,0
EL-1007,2025-03-01,803,182433.57,0,0
EL-1007,2025-04-01,867,196973.73,0,0
EL-1007,2025-05-01,1536,348963.84,1,0
EL-1007,2025-06-01,965,219238.35,0,0
EL-1007,2025-07-01,887,201517.53,0,0
EL-1007,2025-08-01,906,205834.14,0,0
EL-1007,2025-09-01,843,191521.17,0,0
EL-1007,2025-10-01,743,168802.17,0,0
EL-1007,2025-11-01,636,144492.84,0,0
EL-1007,2025-12-01,637,144720.03,0,0
EL-1007,2026-01-01,941,213785.79,1,0
EL-1007,2026-02-01,784,178116.96,0,0
EL-1007,2026-03-01,899,204243.81,0,0
EL-1007,2026-04-01,963,218783.97,0,0
EL-1007,2026-05-01,1072,243547.68,0,0
EL-1007,2026-06-01,1053,239231.07,0,0
EL-1008,2023-06-01,738,45246.78,0,0
EL-1008,2023-07-01,694,42549.14,0,0
EL-1008,2023-08-01,681,41752.11,0,0
EL-1008,2023-09-01,650,39851.5,0,0
EL-1008,2023-10-01,550,33720.5,0,0
EL-1008,2023-11-01,420,25750.2,0,0
EL-1008,2023-12-01,420,25750.2,0,0
EL-1008,2024-01-01,405,24830.55,0,0
EL-1008,2024-02-01,594,36418.14,0,0
EL-1008,2024-03-01,697,42733.07,0,0
EL-1008,2024-04-01,1015,62229.65,1,0
EL-1008,2024-05-01,887,54381.97,0,0
EL-1008,2024-06-01,884,54198.04,0,0
EL-1008,2024-07-01,785,48128.35,0,0
EL-1008,2024-08-01,753,46166.43,0,0
EL-1008,2024-09-01,754,46227.74,0,0
EL-1008,2024-10-01,678,41568.18,0,0
EL-1008,2024-11-01,550,33720.5,0,0
EL-1008,2024-12-01,676,41445.56,1,0
EL-1008,2025-01-01,550,33720.5,0,0
EL-1008,2025-02-01,708,43407.48,0,0
EL-1008,2025-03-01,745,45675.95,0,0
EL-1008,2025-04-01,923,56589.13,0,0
EL-1008,2025-05-01,944,57876.64,0,0
EL-1008,2025-06-01,518,31758.58,1,1
EL-1008,2025-07-01,901,55240.31,0,0
EL-1008,2025-08-01,884,54198.04,0,0
EL-1008,2025-09-01,814,49906.34,0,0
EL-1008,2025-10-01,1130,69280.3,1,0
EL-1008,2025-11-01,603,36969.93,0,0
EL-1008,2025-12-01,579,35498.49,0,0
EL-1008,2026-01-01,622,38134.82,0,0
EL-1008,2026-02-01,768,47086.08,0,0
EL-1008,2026-03-01,906,55546.86,0,0
EL-1008,2026-04-01,979,60022.49,0,0
EL-1008,2026-05-01,1077,66030.87,0,0
EL-1008,2026-06-01,638,39115.78,1,1
EL-1009,2023-06-01,774,165465.72,0,0
EL-1009,2023-07-01,700,149646,0,0
EL-1009,2023-08-01,697,149004.66,0,0
EL-1009,2023-09-01,637,136177.86,0,0
EL-1009,2023-10-01,685,146439.3,1,0
EL-1009,2023-11-01,442,94490.76,0,0
EL-1009,2023-12-01,413,88291.14,0,0
EL-1009,2024-01-01,412,88077.36,0,0
EL-1009,2024-02-01,606,129550.68,0,0
EL-1009,2024-03-01,651,139170.78,0,0
EL-1009,2024-04-01,792,169313.76,0,0
EL-1009,2024-05-01,870,185988.6,0,0
EL-1009,2024-06-01,902,192829.56,0,0
EL-1009,2024-07-01,1028,219765.84,1,0
EL-1009,2024-08-01,1143,244350.54,1,0
EL-1009,2024-09-01,719,153707.82,0,0
EL-1009,2024-10-01,655,140025.9,0,0
EL-1009,2024-11-01,537,114799.86,0,0
EL-1009,2024-12-01,654,139812.12,1,0
EL-1009,2025-01-01,522,111593.16,0,0
EL-1009,2025-02-01,709,151570.02,0,0
EL-1009,2025-03-01,787,168244.86,0,0
EL-1009,2025-04-01,899,192188.22,0,0
EL-1009,2025-05-01,1391,297367.98,1,0
EL-1009,2025-06-01,973,208007.94,0,0
EL-1009,2025-07-01,909,194326.02,0,0
EL-1009,2025-08-01,914,195394.92,0,0
EL-1009,2025-09-01,799,170810.22,0,0
EL-1009,2025-10-01,1066,227889.48,1,0
EL-1009,2025-11-01,631,134895.18,0,0
EL-1009,2025-12-01,847,181071.66,1,0
EL-1009,2026-01-01,660,141094.8,0,0
EL-1009,2026-02-01,764,163327.92,0,0
EL-1009,2026-03-01,919,196463.82,0,0
EL-1009,2026-04-01,998,213352.44,0,0
EL-1009,2026-05-01,615,131474.7,1,1
EL-1009,2026-06-01,1115,238364.7,0,0
EL-1010,2023-06-01,765,122690.7,0,0
EL-1010,2023-07-01,722,115794.36,0,0
EL-1010,2023-08-01,674,108096.12,0,0
EL-1010,2023-09-01,576,92378.88,0,0
EL-1010,2023-10-01,726,116435.88,1,0
EL-1010,2023-11-01,604,96869.52,1,0
EL-1010,2023-12-01,400,64152,0,0
EL-1010,2024-01-01,447,71689.86,0,0
EL-1010,2024-02-01,542,86925.96,0,0
EL-1010,2024-03-01,683,109539.54,0,0
EL-1010,2024-04-01,804,128945.52,0,0
EL-1010,2024-05-01,831,133275.78,0,0
EL-1010,2024-06-01,872,139851.36,0,0
EL-1010,2024-07-01,810,129907.8,0,0
EL-1010,2024-08-01,787,126219.06,0,0
EL-1010,2024-09-01,1006,161342.28,1,0
EL-1010,2024-10-01,613,98312.94,0,0
EL-1010,2024-11-01,502,80510.76,0,0
EL-1010,2024-12-01,673,107935.74,1,0
EL-1010,2025-01-01,542,86925.96,0,0
EL-1010,2025-02-01,681,109218.78,0,0
EL-1010,2025-03-01,761,122049.18,0,0
EL-1010,2025-04-01,902,144662.76,0,0
EL-1010,2025-05-01,956,153323.28,0,0
EL-1010,2025-06-01,998,160059.24,0,0
EL-1010,2025-07-01,896,143700.48,0,0
EL-1010,2025-08-01,352,56453.76,0,1
EL-1010,2025-09-01,849,136162.62,0,0
EL-1010,2025-10-01,762,122209.56,0,0
EL-1010,2025-11-01,620,99435.6,0,0
EL-1010,2025-12-01,607,97350.66,0,0
EL-1010,2026-01-01,665,106652.7,0,0
EL-1010,2026-02-01,793,127181.34,0,0
EL-1010,2026-03-01,894,143379.72,0,0
EL-1010,2026-04-01,1008,161663.04,0,0
EL-1010,2026-05-01,1051,168559.38,0,0
EL-1010,2026-06-01,1056,169361.28,0,0
EL-1011,2023-06-01,794,169582.52,0,0
EL-1011,2023-07-01,713,152282.54,0,0
EL-1011,2023-08-01,651,139040.58,0,0
EL-1011,2023-09-01,585,124944.3,0,0
EL-1011,2023-10-01,542,115760.36,0,0
EL-1011,2023-11-01,386,82441.88,0,0
EL-1011,2023-12-01,378,80733.24,0,0
EL-1011,2024-01-01,435,92907.3,0,0
EL-1011,2024-02-01,536,114478.88,0,0
EL-1011,2024-03-01,695,148438.1,0,0
EL-1011,2024-04-01,742,158476.36,0,0
EL-1011,2024-05-01,887,189445.46,0,0
EL-1011,2024-06-01,898,191794.84,0,0
EL-1011,2024-07-01,778,166165.24,0,0
EL-1011,2024-08-01,1049,224045.42,1,0
EL-1011,2024-09-01,688,146943.04,0,0
EL-1011,2024-10-01,946,202046.68,1,0
EL-1011,2024-11-01,200,42716,0,1
EL-1011,2024-12-01,517,110420.86,0,0
EL-1011,2025-01-01,538,114906.04,0,0
EL-1011,2025-02-01,660,140962.8,0,0
EL-1011,2025-03-01,755,161252.9,0,0
EL-1011,2025-04-01,903,192862.74,0,0
EL-1011,2025-05-01,980,209308.4,0,0
EL-1011,2025-06-01,978,208881.24,0,0
EL-1011,2025-07-01,921,196707.18,0,0
EL-1011,2025-08-01,903,192862.74,0,0
EL-1011,2025-09-01,1260,269110.8,1,0
EL-1011,2025-10-01,711,151855.38,0,0
EL-1011,2025-11-01,594,126866.52,0,0
EL-1011,2025-12-01,628,134128.24,0,0
EL-1011,2026-01-01,665,142030.7,0,0
EL-1011,2026-02-01,792,169155.36,0,0
EL-1011,2026-03-01,888,189659.04,0,0
EL-1011,2026-04-01,971,207386.18,0,0
EL-1011,2026-05-01,1056,225540.48,0,0
EL-1011,2026-06-01,1046,223404.68,0,0
EL-1012,2023-06-01,779,130311.12,0,0
EL-1012,2023-07-01,684,114419.52,0,0
EL-1012,2023-08-01,646,108062.88,0,0
EL-1012,2023-09-01,589,98527.92,0,0
EL-1012,2023-10-01,843,141017.04,1,0
EL-1012,2023-11-01,427,71428.56,0,0
EL-1012,2023-12-01,398,66577.44,0,0
EL-1012,2024-01-01,424,70926.72,0,0
EL-1012,2024-02-01,574,96018.72,0,0
EL-1012,2024-03-01,675,112914,0,0
EL-1012,2024-04-01,311,52024.08,0,1
EL-1012,2024-05-01,868,145199.04,0,0
EL-1012,2024-06-01,885,148042.8,0,0
EL-1012,2024-07-01,776,129809.28,0,0
EL-1012,2024-08-01,776,129809.28,0,0
EL-1012,2024-09-01,700,117096,0,0
EL-1012,2024-10-01,622,104048.16,0,0
EL-1012,2024-11-01,497,83138.16,0,0
EL-1012,2024-12-01,525,87822,0,0
EL-1012,2025-01-01,527,88156.56,0,0
EL-1012,2025-02-01,651,108899.28,0,0
EL-1012,2025-03-01,774,129474.72,0,0
EL-1012,2025-04-01,856,143191.68,0,0
EL-1012,2025-05-01,987,165105.36,0,0
EL-1012,2025-06-01,943,157745.04,0,0
EL-1012,2025-07-01,936,156574.08,0,0
EL-1012,2025-08-01,869,145366.32,0,0
EL-1012,2025-09-01,798,133489.44,0,0
EL-1012,2025-10-01,1119,187186.32,1,0
EL-1012,2025-11-01,766,128136.48,1,0
EL-1012,2025-12-01,766,128136.48,1,0
EL-1012,2026-01-01,675,112914,0,0
EL-1012,2026-02-01,775,129642,0,0
EL-1012,2026-03-01,878,146871.84,0,0
EL-1012,2026-04-01,986,164938.08,0,0
EL-1012,2026-05-01,1057,176814.96,0,0
EL-1012,2026-06-01,1090,182335.2,0,0
EL-1013,2023-06-01,740,22814.2,0,0
EL-1013,2023-07-01,681,20995.23,0,0
EL-1013,2023-08-01,647,19947.01,0,0
EL-1013,2023-09-01,641,19762.03,0,0
EL-1013,2023-10-01,538,16586.54,0,0
EL-1013,2023-11-01,406,12516.98,0,0
EL-1013,2023-12-01,196,6042.68,1,1
EL-1013,2024-01-01,407,12547.81,0,0
EL-1013,2024-02-01,558,17203.14,0,0
EL-1013,2024-03-01,665,20501.95,0,0
EL-1013,2024-04-01,741,22845.03,0,0
EL-1013,2024-05-01,1202,37057.66,1,0
EL-1013,2024-06-01,878,27068.74,0,0
EL-1013,2024-07-01,774,23862.42,0,0
EL-1013,2024-08-01,1136,35022.88,1,0
EL-1013,2024-09-01,712,21950.96,0,0
EL-1013,2024-10-01,886,27315.38,1,0
EL-1013,2024-11-01,498,15353.34,0,0
EL-1013,2024-12-01,489,15075.87,0,0
EL-1013,2025-01-01,516,15908.28,0,0
EL-1013,2025-02-01,679,20933.57,0,0
EL-1013,2025-03-01,771,23769.93,0,0
EL-1013,2025-04-01,905,27901.15,0,0
EL-1013,2025-05-01,946,29165.18,0,0
EL-1013,2025-06-01,1003,30922.49,0,0
EL-1013,2025-07-01,921,28394.43,0,0
EL-1013,2025-08-01,855,26359.65,0,0
EL-1013,2025-09-01,831,25619.73,0,0
EL-1013,2025-10-01,753,23214.99,0,0
EL-1013,2025-11-01,642,19792.86,0,0
EL-1013,2025-12-01,629,19392.07,0,0
EL-1013,2026-01-01,664,20471.12,0,0
EL-1013,2026-02-01,781,24078.23,0,0
EL-1013,2026-03-01,869,26791.27,0,0
EL-1013,2026-04-01,985,30367.55,0,0
EL-1013,2026-05-01,1057,32587.31,0,0
EL-1013,2026-06-01,1049,32340.67,0,0
EL-1014,2023-06-01,1160,262867.6,1,0
EL-1014,2023-07-01,699,158400.39,0,0
EL-1014,2023-08-01,682,154548.02,0,0
EL-1014,2023-09-01,635,143897.35,0,0
EL-1014,2023-10-01,510,115571.1,0,0
EL-1014,2023-11-01,407,92230.27,0,0
EL-1014,2023-12-01,418,94722.98,0,0
EL-1014,2024-01-01,455,103107.55,0,0
EL-1014,2024-02-01,603,136645.83,0,0
EL-1014,2024-03-01,684,155001.24,0,0
EL-1014,2024-04-01,752,170410.72,0,0
EL-1014,2024-05-01,1138,257882.18,1,0
EL-1014,2024-06-01,864,195791.04,0,0
EL-1014,2024-07-01,803,181967.83,0,0
EL-1014,2024-08-01,299,67756.39,0,1
EL-1014,2024-09-01,723,163839.03,0,0
EL-1014,2024-10-01,831,188312.91,1,0
EL-1014,2024-11-01,544,123275.84,0,0
EL-1014,2024-12-01,528,119650.08,0,0
EL-1014,2025-01-01,543,123049.23,0,0
EL-1014,2025-02-01,657,148882.77,0,0
EL-1014,2025-03-01,747,169277.67,0,0
EL-1014,2025-04-01,901,204175.61,0,0
EL-1014,2025-05-01,991,224570.51,0,0
EL-1014,2025-06-01,1417,321106.37,1,0
EL-1014,2025-07-01,908,205761.88,0,0
EL-1014,2025-08-01,889,201456.29,0,0
EL-1014,2025-09-01,816,184913.76,0,0
EL-1014,2025-10-01,1074,243379.14,1,0
EL-1014,2025-11-01,615,139365.15,0,0
EL-1014,2025-12-01,609,138005.49,0,0
EL-1014,2026-01-01,648,146843.28,0,0
EL-1014,2026-02-01,775,175622.75,0,0
EL-1014,2026-03-01,891,201909.51,0,0
EL-1014,2026-04-01,974,220718.14,0,0
EL-1014,2026-05-01,1074,243379.14,0,0
EL-1014,2026-06-01,1071,242699.31,0,0
AP-1015,2023-06-01,736,187613.76,0,0
AP-1015,2023-07-01,704,179456.64,0,0
AP-1015,2023-08-01,636,162122.76,0,0
AP-1015,2023-09-01,602,153455.82,0,0
AP-1015,2023-10-01,820,209026.2,1,0
AP-1015,2023-11-01,598,152436.18,1,0
AP-1015,2023-12-01,525,133827.75,1,0
AP-1015,2024-01-01,426,108591.66,0,0
AP-1015,2024-02-01,546,139180.86,0,0
AP-1015,2024-03-01,647,164926.77,0,0
AP-1015,2024-04-01,796,202908.36,0,0
AP-1015,2024-05-01,846,215653.86,0,0
AP-1015,2024-06-01,1137,289832.67,1,0
AP-1015,2024-07-01,840,214124.4,0,0
AP-1015,2024-08-01,755,192457.05,0,0
AP-1015,2024-09-01,295,75198.45,0,1
AP-1015,2024-10-01,659,167985.69,0,0
AP-1015,2024-11-01,500,127455,0,0
AP-1015,2024-12-01,485,123631.35,0,0
AP-1015,2025-01-01,517,131788.47,0,0
AP-1015,2025-02-01,691,176142.81,0,0
AP-1015,2025-03-01,312,79531.92,0,1
AP-1015,2025-04-01,886,225850.26,0,0
AP-1015,2025-05-01,937,238850.67,0,0
AP-1015,2025-06-01,953,242929.23,0,0
AP-1015,2025-07-01,924,235536.84,0,0
AP-1015,2025-08-01,857,218457.87,0,0
AP-1015,2025-09-01,802,204437.82,0,0
AP-1015,2025-10-01,762,194241.42,0,0
AP-1015,2025-11-01,940,239615.4,1,0
AP-1015,2025-12-01,840,214124.4,1,0
AP-1015,2026-01-01,639,162887.49,0,0
AP-1015,2026-02-01,801,204182.91,0,0
AP-1015,2026-03-01,910,231968.1,0,0
AP-1015,2026-04-01,981,250066.71,0,0
AP-1015,2026-05-01,1040,265106.4,0,0
AP-1015,2026-06-01,1431,364776.21,1,0
AP-1016,2023-06-01,757,176608.1,0,0
AP-1016,2023-07-01,997,232600.1,1,0
AP-1016,2023-08-01,696,162376.8,0,0
AP-1016,2023-09-01,631,147212.3,0,0
AP-1016,2023-10-01,564,131581.2,0,0
AP-1016,2023-11-01,666,155377.8,1,0
AP-1016,2023-12-01,378,88187.4,0,0
AP-1016,2024-01-01,404,94253.2,0,0
AP-1016,2024-02-01,574,133914.2,0,0
AP-1016,2024-03-01,659,153744.7,0,0
AP-1016,2024-04-01,768,179174.4,0,0
AP-1016,2024-05-01,889,207403.7,0,0
AP-1016,2024-06-01,889,207403.7,0,0
AP-1016,2024-07-01,789,184073.7,0,0
AP-1016,2024-08-01,771,179874.3,0,0
AP-1016,2024-09-01,708,165176.4,0,0
AP-1016,2024-10-01,830,193639,1,0
AP-1016,2024-11-01,763,178007.9,1,0
AP-1016,2024-12-01,506,118049.8,0,0
AP-1016,2025-01-01,530,123649,0,0
AP-1016,2025-02-01,679,158410.7,0,0
AP-1016,2025-03-01,805,187806.5,0,0
AP-1016,2025-04-01,914,213236.2,0,0
AP-1016,2025-05-01,990,230967,0,0
AP-1016,2025-06-01,987,230267.1,0,0
AP-1016,2025-07-01,938,218835.4,0,0
AP-1016,2025-08-01,1267,295591.1,1,0
AP-1016,2025-09-01,828,193172.4,0,0
AP-1016,2025-10-01,1004,234233.2,1,0
AP-1016,2025-11-01,665,155144.5,0,0
AP-1016,2025-12-01,632,147445.6,0,0
AP-1016,2026-01-01,626,146045.8,0,0
AP-1016,2026-02-01,806,188039.8,0,0
AP-1016,2026-03-01,851,198538.3,0,0
AP-1016,2026-04-01,974,227234.2,0,0
AP-1016,2026-05-01,1069,249397.7,0,0
AP-1016,2026-06-01,1064,248231.2,0,0
AP-1017,2023-06-01,796,73239.96,0,0
AP-1017,2023-07-01,718,66063.18,0,0
AP-1017,2023-08-01,680,62566.8,0,0
AP-1017,2023-09-01,607,55850.07,0,0
AP-1017,2023-10-01,693,63762.93,1,0
AP-1017,2023-11-01,395,36343.95,0,0
AP-1017,2023-12-01,391,35975.91,0,0
AP-1017,2024-01-01,430,39564.3,0,0
AP-1017,2024-02-01,821,75540.21,1,0
AP-1017,2024-03-01,649,59714.49,0,0
AP-1017,2024-04-01,756,69559.56,0,0
AP-1017,2024-05-01,1219,112160.19,1,0
AP-1017,2024-06-01,851,78300.51,0,0
AP-1017,2024-07-01,811,74620.11,0,0
AP-1017,2024-08-01,775,71307.75,0,0
AP-1017,2024-09-01,727,66891.27,0,0
AP-1017,2024-10-01,663,61002.63,0,0
AP-1017,2024-11-01,531,48857.31,0,0
AP-1017,2024-12-01,487,44808.87,0,0
AP-1017,2025-01-01,557,51249.57,0,0
AP-1017,2025-02-01,661,60818.61,0,0
AP-1017,2025-03-01,761,70019.61,0,0
AP-1017,2025-04-01,902,82993.02,0,0
AP-1017,2025-05-01,986,90721.86,0,0
AP-1017,2025-06-01,1485,136634.85,1,0
AP-1017,2025-07-01,1383,127249.83,1,0
AP-1017,2025-08-01,888,81704.88,0,0
AP-1017,2025-09-01,830,76368.3,0,0
AP-1017,2025-10-01,737,67811.37,0,0
AP-1017,2025-11-01,393,36159.93,1,1
AP-1017,2025-12-01,597,54929.97,0,0
AP-1017,2026-01-01,641,58978.41,0,0
AP-1017,2026-02-01,776,71399.76,0,0
AP-1017,2026-03-01,907,83453.07,0,0
AP-1017,2026-04-01,1004,92378.04,0,0
AP-1017,2026-05-01,1057,97254.57,0,0
AP-1017,2026-06-01,1119,102959.19,0,0
AP-1018,2023-06-01,796,171179.8,0,0
AP-1018,2023-07-01,692,148814.6,0,0
AP-1018,2023-08-01,656,141072.8,0,0
AP-1018,2023-09-01,630,135481.5,0,0
AP-1018,2023-10-01,511,109890.55,0,0
AP-1018,2023-11-01,392,84299.6,0,0
AP-1018,2023-12-01,405,87095.25,0,0
AP-1018,2024-01-01,650,139782.5,1,0
AP-1018,2024-02-01,565,121503.25,0,0
AP-1018,2024-03-01,682,146664.1,0,0
AP-1018,2024-04-01,813,174835.65,0,0
AP-1018,2024-05-01,890,191394.5,0,0
AP-1018,2024-06-01,886,190534.3,0,0
AP-1018,2024-07-01,781,167954.05,0,0
AP-1018,2024-08-01,794,170749.7,0,0
AP-1018,2024-09-01,701,150750.05,0,0
AP-1018,2024-10-01,887,190749.35,1,0
AP-1018,2024-11-01,553,118922.65,0,0
AP-1018,2024-12-01,493,106019.65,0,0
AP-1018,2025-01-01,548,117847.4,0,0
AP-1018,2025-02-01,681,146449.05,0,0
AP-1018,2025-03-01,798,171609.9,0,0
AP-1018,2025-04-01,867,186448.35,0,0
AP-1018,2025-05-01,1471,316338.55,1,0
AP-1018,2025-06-01,972,209028.6,0,0
AP-1018,2025-07-01,1266,272253.3,1,0
AP-1018,2025-08-01,855,183867.75,0,0
AP-1018,2025-09-01,802,172470.1,0,0
AP-1018,2025-10-01,744,159997.2,0,0
AP-1018,2025-11-01,660,141933,0,0
AP-1018,2025-12-01,644,138492.2,0,0
AP-1018,2026-01-01,659,141717.95,0,0
AP-1018,2026-02-01,817,175695.85,0,0
AP-1018,2026-03-01,881,189459.05,0,0
AP-1018,2026-04-01,990,212899.5,0,0
AP-1018,2026-05-01,1330,286016.5,1,0
AP-1018,2026-06-01,1112,239135.6,0,0
AP-1019,2023-06-01,756,70708.68,0,0
AP-1019,2023-07-01,682,63787.46,0,0
AP-1019,2023-08-01,262,24504.86,0,1
AP-1019,2023-09-01,744,69586.32,1,0
AP-1019,2023-10-01,769,71924.57,1,0
AP-1019,2023-11-01,156,14590.68,0,1
AP-1019,2023-12-01,375,35073.75,0,0
AP-1019,2024-01-01,459,42930.27,0,0
AP-1019,2024-02-01,558,52189.74,0,0
AP-1019,2024-03-01,694,64909.82,0,0
AP-1019,2024-04-01,761,71176.33,0,0
AP-1019,2024-05-01,840,78565.2,0,0
AP-1019,2024-06-01,901,84270.53,0,0
AP-1019,2024-07-01,794,74262.82,0,0
AP-1019,2024-08-01,770,72018.1,0,0
AP-1019,2024-09-01,740,69212.2,0,0
AP-1019,2024-10-01,670,62665.1,0,0
AP-1019,2024-11-01,556,52002.68,0,0
AP-1019,2024-12-01,524,49009.72,0,0
AP-1019,2025-01-01,522,48822.66,0,0
AP-1019,2025-02-01,672,62852.16,0,0
AP-1019,2025-03-01,757,70802.21,0,0
AP-1019,2025-04-01,880,82306.4,0,0
AP-1019,2025-05-01,1377,128790.81,1,0
AP-1019,2025-06-01,1017,95120.01,0,0
AP-1019,2025-07-01,911,85205.83,0,0
AP-1019,2025-08-01,879,82212.87,0,0
AP-1019,2025-09-01,320,29929.6,0,1
AP-1019,2025-10-01,750,70147.5,0,0
AP-1019,2025-11-01,632,59110.96,0,0
AP-1019,2025-12-01,905,84644.65,1,0
AP-1019,2026-01-01,623,58269.19,0,0
AP-1019,2026-02-01,761,71176.33,0,0
AP-1019,2026-03-01,893,83522.29,0,0
AP-1019,2026-04-01,1005,93997.65,0,0
AP-1019,2026-05-01,1581,147870.93,1,0
AP-1019,2026-06-01,1064,99515.92,0,0
AP-1020,2023-06-01,777,149751.21,0,0
AP-1020,2023-07-01,724,139536.52,0,0
AP-1020,2023-08-01,692,133369.16,0,0
AP-1020,2023-09-01,633,121998.09,0,0
AP-1020,2023-10-01,515,99255.95,0,0
AP-1020,2023-11-01,393,75742.89,0,0
AP-1020,2023-12-01,375,72273.75,0,0
AP-1020,2024-01-01,441,84993.93,0,0
AP-1020,2024-02-01,598,115252.54,0,0
AP-1020,2024-03-01,688,132598.24,0,0
AP-1020,2024-04-01,302,58204.46,0,1
AP-1020,2024-05-01,1278,246308.94,1,0
AP-1020,2024-06-01,883,170180.59,0,0
AP-1020,2024-07-01,996,191959.08,1,0
AP-1020,2024-08-01,764,147245.72,0,0
AP-1020,2024-09-01,733,141271.09,0,0
AP-1020,2024-10-01,604,116408.92,0,0
AP-1020,2024-11-01,495,95401.35,0,0
AP-1020,2024-12-01,490,94437.7,0,0
AP-1020,2025-01-01,572,110241.56,0,0
AP-1020,2025-02-01,640,123347.2,0,0
AP-1020,2025-03-01,757,145896.61,0,0
AP-1020,2025-04-01,873,168253.29,0,0
AP-1020,2025-05-01,980,188875.4,0,0
AP-1020,2025-06-01,1281,246887.13,1,0
AP-1020,2025-07-01,940,181166.2,0,0
AP-1020,2025-08-01,886,170758.78,0,0
AP-1020,2025-09-01,849,163627.77,0,0
AP-1020,2025-10-01,740,142620.2,0,0
AP-1020,2025-11-01,650,125274.5,0,0
AP-1020,2025-12-01,808,155725.84,1,0
AP-1020,2026-01-01,609,117372.57,0,0
AP-1020,2026-02-01,797,153605.81,0,0
AP-1020,2026-03-01,853,164398.69,0,0
AP-1020,2026-04-01,975,187911.75,0,0
AP-1020,2026-05-01,1059,204101.07,0,0
AP-1020,2026-06-01,1086,209304.78,0,0
AP-1021,2023-06-01,782,53707.76,0,0
AP-1021,2023-07-01,704,48350.72,0,0
AP-1021,2023-08-01,642,44092.56,0,0
AP-1021,2023-09-01,605,41551.4,0,0
AP-1021,2023-10-01,511,35095.48,0,0
AP-1021,2023-11-01,446,30631.28,0,0
AP-1021,2023-12-01,382,26235.76,0,0
AP-1021,2024-01-01,400,27472,0,0
AP-1021,2024-02-01,551,37842.68,0,0
AP-1021,2024-03-01,630,43268.4,0,0
AP-1021,2024-04-01,1080,74174.4,1,0
AP-1021,2024-05-01,1106,75960.08,1,0
AP-1021,2024-06-01,1174,80630.32,1,0
AP-1021,2024-07-01,776,53295.68,0,0
AP-1021,2024-08-01,744,51097.92,0,0
AP-1021,2024-09-01,749,51441.32,0,0
AP-1021,2024-10-01,605,41551.4,0,0
AP-1021,2024-11-01,500,34340,0,0
AP-1021,2024-12-01,474,32554.32,0,0
AP-1021,2025-01-01,558,38323.44,0,0
AP-1021,2025-02-01,643,44161.24,0,0
AP-1021,2025-03-01,803,55150.04,0,0
AP-1021,2025-04-01,851,58446.68,0,0
AP-1021,2025-05-01,954,65520.72,0,0
AP-1021,2025-06-01,971,66688.28,0,0
AP-1021,2025-07-01,904,62086.72,0,0
AP-1021,2025-08-01,886,60850.48,0,0
AP-1021,2025-09-01,793,54463.24,0,0
AP-1021,2025-10-01,1047,71907.96,1,0
AP-1021,2025-11-01,596,40933.28,0,0
AP-1021,2025-12-01,848,58240.64,1,0
AP-1021,2026-01-01,665,45672.2,0,0
AP-1021,2026-02-01,763,52402.84,0,0
AP-1021,2026-03-01,1223,83995.64,1,0
AP-1021,2026-04-01,1000,68680,0,0
AP-1021,2026-05-01,653,44848.04,1,1
AP-1021,2026-06-01,1094,75135.92,0,0
AP-1022,2023-06-01,764,113270.64,0,0
AP-1022,2023-07-01,674,99927.24,0,0
AP-1022,2023-08-01,699,103633.74,0,0
AP-1022,2023-09-01,631,93552.06,0,0
AP-1022,2023-10-01,536,79467.36,0,0
AP-1022,2023-11-01,392,58117.92,0,0
AP-1022,2023-12-01,405,60045.3,0,0
AP-1022,2024-01-01,428,63455.28,0,0
AP-1022,2024-02-01,543,80505.18,0,0
AP-1022,2024-03-01,665,98592.9,0,0
AP-1022,2024-04-01,795,117866.7,0,0
AP-1022,2024-05-01,838,124241.88,0,0
AP-1022,2024-06-01,866,128393.16,0,0
AP-1022,2024-07-01,808,119794.08,0,0
AP-1022,2024-08-01,1039,154042.14,1,0
AP-1022,2024-09-01,724,107340.24,0,0
AP-1022,2024-10-01,653,96813.78,0,0
AP-1022,2024-11-01,496,73536.96,0,0
AP-1022,2024-12-01,500,74130,0,0
AP-1022,2025-01-01,520,77095.2,0,0
AP-1022,2025-02-01,645,95627.7,0,0
AP-1022,2025-03-01,793,117570.18,0,0
AP-1022,2025-04-01,914,135509.64,0,0
AP-1022,2025-05-01,953,141291.78,0,0
AP-1022,2025-06-01,988,146480.88,0,0
AP-1022,2025-07-01,923,136843.98,0,0
AP-1022,2025-08-01,903,133878.78,0,0
AP-1022,2025-09-01,834,123648.84,0,0
AP-1022,2025-10-01,740,109712.4,0,0
AP-1022,2025-11-01,661,97999.86,0,0
AP-1022,2025-12-01,634,93996.84,0,0
AP-1022,2026-01-01,632,93700.32,0,0
AP-1022,2026-02-01,808,119794.08,0,0
AP-1022,2026-03-01,860,127503.6,0,0
AP-1022,2026-04-01,994,147370.44,0,0
AP-1022,2026-05-01,1051,155821.26,0,0
AP-1022,2026-06-01,1083,160565.58,0,0
AP-1023,2023-06-01,785,121219.7,0,0
AP-1023,2023-07-01,706,109020.52,0,0
AP-1023,2023-08-01,662,102226.04,0,0
AP-1023,2023-09-01,626,96666.92,0,0
AP-1023,2023-10-01,570,88019.4,0,0
AP-1023,2023-11-01,603,93115.26,1,0
AP-1023,2023-12-01,362,55900.04,0,0
AP-1023,2024-01-01,416,64238.72,0,0
AP-1023,2024-02-01,553,85394.26,0,0
AP-1023,2024-03-01,677,104542.34,0,0
AP-1023,2024-04-01,778,120138.76,0,0
AP-1023,2024-05-01,523,80761.66,1,1
AP-1023,2024-06-01,887,136970.54,0,0
AP-1023,2024-07-01,775,119675.5,0,0
AP-1023,2024-08-01,783,120910.86,0,0
AP-1023,2024-09-01,697,107630.74,0,0
AP-1023,2024-10-01,655,101145.1,0,0
AP-1023,2024-11-01,550,84931,0,0
AP-1023,2024-12-01,532,82151.44,0,0
AP-1023,2025-01-01,536,82769.12,0,0
AP-1023,2025-02-01,642,99137.64,0,0
AP-1023,2025-03-01,770,118903.4,0,0
AP-1023,2025-04-01,875,135117.5,0,0
AP-1023,2025-05-01,377,58216.34,0,1
AP-1023,2025-06-01,986,152258.12,0,0
AP-1023,2025-07-01,885,136661.7,0,0
AP-1023,2025-08-01,914,141139.88,0,0
AP-1023,2025-09-01,822,126933.24,0,0
AP-1023,2025-10-01,734,113344.28,0,0
AP-1023,2025-11-01,608,93887.36,0,0
AP-1023,2025-12-01,794,122609.48,1,0
AP-1023,2026-01-01,633,97747.86,0,0
AP-1023,2026-02-01,791,122146.22,0,0
AP-1023,2026-03-01,898,138669.16,0,0
AP-1023,2026-04-01,987,152412.54,0,0
AP-1023,2026-05-01,1046,161523.32,0,0
AP-1023,2026-06-01,1076,166155.92,0,0
AP-1024,2023-06-01,760,79397.2,0,0
AP-1024,2023-07-01,678,70830.66,0,0
AP-1024,2023-08-01,651,68009.97,0,0
AP-1024,2023-09-01,644,67278.68,0,0
AP-1024,2023-10-01,516,53906.52,0,0
AP-1024,2023-11-01,631,65920.57,1,0
AP-1024,2023-12-01,364,38027.08,0,0
AP-1024,2024-01-01,447,46698.09,0,0
AP-1024,2024-02-01,758,79188.26,1,0
AP-1024,2024-03-01,646,67487.62,0,0
AP-1024,2024-04-01,1158,120976.26,1,0
AP-1024,2024-05-01,846,88381.62,0,0
AP-1024,2024-06-01,857,89530.79,0,0
AP-1024,2024-07-01,802,83784.94,0,0
AP-1024,2024-08-01,793,82844.71,0,0
AP-1024,2024-09-01,708,73964.76,0,0
AP-1024,2024-10-01,651,68009.97,0,0
AP-1024,2024-11-01,509,53175.23,0,0
AP-1024,2024-12-01,302,31549.94,1,1
AP-1024,2025-01-01,574,59965.78,0,0
AP-1024,2025-02-01,707,73860.29,0,0
AP-1024,2025-03-01,802,83784.94,0,0
AP-1024,2025-04-01,859,89739.73,0,0
AP-1024,2025-05-01,946,98828.62,0,0
AP-1024,2025-06-01,960,100291.2,0,0
AP-1024,2025-07-01,907,94754.29,0,0
AP-1024,2025-08-01,897,93709.59,0,0
AP-1024,2025-09-01,813,84934.11,0,0
AP-1024,2025-10-01,775,80964.25,0,0
AP-1024,2025-11-01,653,68218.91,0,0
AP-1024,2025-12-01,576,60174.72,0,0
AP-1024,2026-01-01,646,67487.62,0,0
AP-1024,2026-02-01,781,81591.07,0,0
AP-1024,2026-03-01,889,92873.83,0,0
AP-1024,2026-04-01,983,102694.01,0,0
AP-1024,2026-05-01,1061,110842.67,0,0
AP-1024,2026-06-01,1103,115230.41,0,0
AP-1025,2023-06-01,770,65650.2,0,0
AP-1025,2023-07-01,687,58573.62,0,0
AP-1025,2023-08-01,274,23361.24,0,1
AP-1025,2023-09-01,611,52093.86,0,0
AP-1025,2023-10-01,519,44249.94,0,0
AP-1025,2023-11-01,154,13130.04,0,1
AP-1025,2023-12-01,627,53458.02,1,0
AP-1025,2024-01-01,472,40242.72,0,0
AP-1025,2024-02-01,586,49962.36,0,0
AP-1025,2024-03-01,656,55930.56,0,0
AP-1025,2024-04-01,307,26174.82,0,1
AP-1025,2024-05-01,860,73323.6,0,0
AP-1025,2024-06-01,896,76392.96,0,0
AP-1025,2024-07-01,788,67184.88,0,0
AP-1025,2024-08-01,776,66161.76,0,0
AP-1025,2024-09-01,728,62069.28,0,0
AP-1025,2024-10-01,621,52946.46,0,0
AP-1025,2024-11-01,498,42459.48,0,0
AP-1025,2024-12-01,469,39986.94,0,0
AP-1025,2025-01-01,513,43738.38,0,0
AP-1025,2025-02-01,973,82957.98,1,0
AP-1025,2025-03-01,755,64371.3,0,0
AP-1025,2025-04-01,863,73579.38,0,0
AP-1025,2025-05-01,583,49706.58,1,1
AP-1025,2025-06-01,960,81849.6,0,0
AP-1025,2025-07-01,944,80485.44,0,0
AP-1025,2025-08-01,873,74431.98,0,0
AP-1025,2025-09-01,811,69145.86,0,0
AP-1025,2025-10-01,720,61387.2,0,0
AP-1025,2025-11-01,616,52520.16,0,0
AP-1025,2025-12-01,621,52946.46,0,0
AP-1025,2026-01-01,655,55845.3,0,0
AP-1025,2026-02-01,759,64712.34,0,0
AP-1025,2026-03-01,876,74687.76,0,0
AP-1025,2026-04-01,1467,125076.42,1,0
AP-1025,2026-05-01,1044,89011.44,0,0
AP-1025,2026-06-01,1101,93871.26,0,0
AP-1026,2023-06-01,775,170786.75,0,0
AP-1026,2023-07-01,717,158005.29,0,0
AP-1026,2023-08-01,681,150071.97,0,0
AP-1026,2023-09-01,595,131120.15,0,0
AP-1026,2023-10-01,760,167481.2,1,0
AP-1026,2023-11-01,450,99166.5,0,0
AP-1026,2023-12-01,361,79553.57,0,0
AP-1026,2024-01-01,453,99827.61,0,0
AP-1026,2024-02-01,608,133984.96,0,0
AP-1026,2024-03-01,645,142138.65,0,0
AP-1026,2024-04-01,751,165497.87,0,0
AP-1026,2024-05-01,1095,241305.15,1,0
AP-1026,2024-06-01,339,74705.43,0,1
AP-1026,2024-07-01,798,175855.26,0,0
AP-1026,2024-08-01,809,178279.33,0,0
AP-1026,2024-09-01,710,156462.7,0,0
AP-1026,2024-10-01,659,145223.83,0,0
AP-1026,2024-11-01,701,154479.37,1,0
AP-1026,2024-12-01,499,109964.63,0,0
AP-1026,2025-01-01,522,115033.14,0,0
AP-1026,2025-02-01,685,150953.45,0,0
AP-1026,2025-03-01,742,163514.54,0,0
AP-1026,2025-04-01,914,201418.18,0,0
AP-1026,2025-05-01,1001,220590.37,0,0
AP-1026,2025-06-01,947,208690.39,0,0
AP-1026,2025-07-01,916,201858.92,0,0
AP-1026,2025-08-01,1178,259595.86,1,0
AP-1026,2025-09-01,824,181584.88,0,0
AP-1026,2025-10-01,718,158225.66,0,0
AP-1026,2025-11-01,663,146105.31,0,0
AP-1026,2025-12-01,578,127373.86,0,0
AP-1026,2026-01-01,666,146766.42,0,0
AP-1026,2026-02-01,1087,239542.19,1,0
AP-1026,2026-03-01,855,188416.35,0,0
AP-1026,2026-04-01,968,213318.16,0,0
AP-1026,2026-05-01,1043,229845.91,0,0
AP-1026,2026-06-01,1118,246373.66,0,0
AP-1027,2023-06-01,735,183500.1,0,0
AP-1027,2023-07-01,691,172515.06,0,0
AP-1027,2023-08-01,863,215456.58,1,0
AP-1027,2023-09-01,590,147299.4,0,0
AP-1027,2023-10-01,799,199478.34,1,0
AP-1027,2023-11-01,410,102360.6,0,0
AP-1027,2023-12-01,398,99364.68,0,0
AP-1027,2024-01-01,430,107353.8,0,0
AP-1027,2024-02-01,540,134816.4,0,0
AP-1027,2024-03-01,682,170268.12,0,0
AP-1027,2024-04-01,807,201475.62,0,0
AP-1027,2024-05-01,891,222447.06,0,0
AP-1027,2024-06-01,891,222447.06,0,0
AP-1027,2024-07-01,800,199728,0,0
AP-1027,2024-08-01,1201,299841.66,1,0
AP-1027,2024-09-01,743,185497.38,0,0
AP-1027,2024-10-01,659,164525.94,0,0
AP-1027,2024-11-01,548,136813.68,0,0
AP-1027,2024-12-01,503,125578.98,0,0
AP-1027,2025-01-01,562,140308.92,0,0
AP-1027,2025-02-01,673,168021.18,0,0
AP-1027,2025-03-01,784,195733.44,0,0
AP-1027,2025-04-01,911,227440.26,0,0
AP-1027,2025-05-01,1204,300590.64,1,0
AP-1027,2025-06-01,998,249160.68,0,0
AP-1027,2025-07-01,896,223695.36,0,0
AP-1027,2025-08-01,907,226441.62,0,0
AP-1027,2025-09-01,849,211961.34,0,0
AP-1027,2025-10-01,755,188493.3,0,0
AP-1027,2025-11-01,644,160781.04,0,0
AP-1027,2025-12-01,604,150794.64,0,0
AP-1027,2026-01-01,662,165274.92,0,0
AP-1027,2026-02-01,795,198479.7,0,0
AP-1027,2026-03-01,891,222447.06,0,0
AP-1027,2026-04-01,999,249410.34,0,0
AP-1027,2026-05-01,1078,269133.48,0,0
AP-1027,2026-06-01,1641,409692.06,1,0
AP-1028,2023-06-01,753,124297.71,0,0
AP-1028,2023-07-01,742,122481.94,0,0
AP-1028,2023-08-01,702,115879.14,0,0
AP-1028,2023-09-01,632,104324.24,0,0
AP-1028,2023-10-01,547,90293.29,0,0
AP-1028,2023-11-01,426,70319.82,0,0
AP-1028,2023-12-01,409,67513.63,0,0
AP-1028,2024-01-01,432,71310.24,0,0
AP-1028,2024-02-01,564,93099.48,0,0
AP-1028,2024-03-01,672,110927.04,0,0
AP-1028,2024-04-01,799,131890.93,0,0
AP-1028,2024-05-01,887,146417.09,0,0
AP-1028,2024-06-01,898,148232.86,0,0
AP-1028,2024-07-01,823,135852.61,0,0
AP-1028,2024-08-01,758,125123.06,0,0
AP-1028,2024-09-01,756,124792.92,0,0
AP-1028,2024-10-01,653,107790.71,0,0
AP-1028,2024-11-01,779,128589.53,1,0
AP-1028,2024-12-01,496,81874.72,0,0
AP-1028,2025-01-01,570,94089.9,0,0
AP-1028,2025-02-01,671,110761.97,0,0
AP-1028,2025-03-01,801,132221.07,0,0
AP-1028,2025-04-01,1147,189335.29,1,0
AP-1028,2025-05-01,997,164574.79,0,0
AP-1028,2025-06-01,967,159622.69,0,0
AP-1028,2025-07-01,926,152854.82,0,0
AP-1028,2025-08-01,1172,193462.04,1,0
AP-1028,2025-09-01,805,132881.35,0,0
AP-1028,2025-10-01,760,125453.2,0,0
AP-1028,2025-11-01,893,147407.51,1,0
AP-1028,2025-12-01,634,104654.38,0,0
AP-1028,2026-01-01,661,109111.27,0,0
AP-1028,2026-02-01,1192,196763.44,1,0
AP-1028,2026-03-01,858,141630.06,0,0
AP-1028,2026-04-01,1020,168371.4,0,0
AP-1028,2026-05-01,1073,177120.11,0,0
AP-1028,2026-06-01,1060,174974.2,0,0
AP-1029,2023-06-01,778,79791.68,0,0
AP-1029,2023-07-01,703,72099.68,0,0
AP-1029,2023-08-01,670,68715.2,0,0
AP-1029,2023-09-01,627,64305.12,0,0
AP-1029,2023-10-01,556,57023.36,0,0
AP-1029,2023-11-01,606,62151.36,1,0
AP-1029,2023-12-01,584,59895.04,1,0
AP-1029,2024-01-01,416,42664.96,0,0
AP-1029,2024-02-01,563,57741.28,0,0
AP-1029,2024-03-01,682,69945.92,0,0
AP-1029,2024-04-01,754,77330.24,0,0
AP-1029,2024-05-01,853,87483.68,0,0
AP-1029,2024-06-01,877,89945.12,0,0
AP-1029,2024-07-01,1006,103175.36,1,0
AP-1029,2024-08-01,764,78355.84,0,0
AP-1029,2024-09-01,692,70971.52,0,0
AP-1029,2024-10-01,658,67484.48,0,0
AP-1029,2024-11-01,307,31485.92,1,1
AP-1029,2024-12-01,539,55279.84,0,0
AP-1029,2025-01-01,536,54972.16,0,0
AP-1029,2025-02-01,682,69945.92,0,0
AP-1029,2025-03-01,806,82663.36,0,0
AP-1029,2025-04-01,898,92098.88,0,0
AP-1029,2025-05-01,944,96816.64,0,0
AP-1029,2025-06-01,968,99278.08,0,0
AP-1029,2025-07-01,941,96508.96,0,0
AP-1029,2025-08-01,868,89022.08,0,0
AP-1029,2025-09-01,1258,129020.48,1,0
AP-1029,2025-10-01,785,80509.6,0,0
AP-1029,2025-11-01,635,65125.6,0,0
AP-1029,2025-12-01,647,66356.32,0,0
AP-1029,2026-01-01,642,65843.52,0,0
AP-1029,2026-02-01,312,31998.72,0,1
AP-1029,2026-03-01,876,89842.56,0,0
AP-1029,2026-04-01,1018,104406.08,0,0
AP-1029,2026-05-01,1082,110969.92,0,0
AP-1029,2026-06-01,1107,113533.92,0,0
FO-1030,2023-06-01,937,240687.19,1,0
FO-1030,2023-07-01,690,177240.3,0,0
FO-1030,2023-08-01,677,173900.99,0,0
FO-1030,2023-09-01,629,161571.23,0,0
FO-1030,2023-10-01,510,131003.7,0,0
FO-1030,2023-11-01,416,106857.92,0,0
FO-1030,2023-12-01,517,132801.79,1,0
FO-1030,2024-01-01,439,112765.93,0,0
FO-1030,2024-02-01,565,145131.55,0,0
FO-1030,2024-03-01,661,169791.07,0,0
FO-1030,2024-04-01,1202,308757.74,1,0
FO-1030,2024-05-01,871,223733.77,0,0
FO-1030,2024-06-01,350,89904.5,0,1
FO-1030,2024-07-01,779,200101.73,0,0
FO-1030,2024-08-01,742,190597.54,0,0
FO-1030,2024-09-01,699,179552.13,0,0
FO-1030,2024-10-01,672,172616.64,0,0
FO-1030,2024-11-01,666,171075.42,1,0
FO-1030,2024-12-01,764,196248.68,1,0
FO-1030,2025-01-01,565,145131.55,0,0
FO-1030,2025-02-01,687,176469.69,0,0
FO-1030,2025-03-01,743,190854.41,0,0
FO-1030,2025-04-01,889,228357.43,0,0
FO-1030,2025-05-01,993,255071.91,0,0
FO-1030,2025-06-01,991,254558.17,0,0
FO-1030,2025-07-01,941,241714.67,0,0
FO-1030,2025-08-01,876,225018.12,0,0
FO-1030,2025-09-01,799,205239.13,0,0
FO-1030,2025-10-01,1000,256870,1,0
FO-1030,2025-11-01,822,211147.14,1,0
FO-1030,2025-12-01,600,154122,0,0
FO-1030,2026-01-01,674,173130.38,0,0
FO-1030,2026-02-01,778,199844.86,0,0
FO-1030,2026-03-01,849,218082.63,0,0
FO-1030,2026-04-01,1002,257383.74,0,0
FO-1030,2026-05-01,1102,283070.74,0,0
FO-1030,2026-06-01,1119,287437.53,0,0
FO-1031,2023-06-01,294,67866.96,0,1
FO-1031,2023-07-01,715,165050.6,0,0
FO-1031,2023-08-01,680,156971.2,0,0
FO-1031,2023-09-01,599,138273.16,0,0
FO-1031,2023-10-01,508,117266.72,0,0
FO-1031,2023-11-01,407,93951.88,0,0
FO-1031,2023-12-01,423,97645.32,0,0
FO-1031,2024-01-01,471,108725.64,0,0
FO-1031,2024-02-01,553,127654.52,0,0
FO-1031,2024-03-01,662,152816.08,0,0
FO-1031,2024-04-01,793,183056.12,0,0
FO-1031,2024-05-01,873,201523.32,0,0
FO-1031,2024-06-01,852,196675.68,0,0
FO-1031,2024-07-01,1219,281393.96,1,0
FO-1031,2024-08-01,771,177977.64,0,0
FO-1031,2024-09-01,758,174976.72,0,0
FO-1031,2024-10-01,622,143582.48,0,0
FO-1031,2024-11-01,514,118651.76,0,0
FO-1031,2024-12-01,242,55863.28,1,1
FO-1031,2025-01-01,537,123961.08,0,0
FO-1031,2025-02-01,692,159741.28,0,0
FO-1031,2025-03-01,801,184902.84,0,0
FO-1031,2025-04-01,916,211449.44,0,0
FO-1031,2025-05-01,996,229916.64,0,0
FO-1031,2025-06-01,960,221606.4,0,0
FO-1031,2025-07-01,946,218374.64,0,0
FO-1031,2025-08-01,893,206140.12,0,0
FO-1031,2025-09-01,865,199676.6,0,0
FO-1031,2025-10-01,1134,261772.56,1,0
FO-1031,2025-11-01,662,152816.08,0,0
FO-1031,2025-12-01,586,135272.24,0,0
FO-1031,2026-01-01,637,147045.08,0,0
FO-1031,2026-02-01,752,173591.68,0,0
FO-1031,2026-03-01,879,202908.36,0,0
FO-1031,2026-04-01,995,229685.8,0,0
FO-1031,2026-05-01,1424,328716.16,1,0
FO-1031,2026-06-01,1060,244690.4,0,0
FO-1032,2023-06-01,770,185477.6,0,0
FO-1032,2023-07-01,727,175119.76,0,0
FO-1032,2023-08-01,682,164280.16,0,0
FO-1032,2023-09-01,589,141878.32,0,0
FO-1032,2023-10-01,706,170061.28,1,0
FO-1032,2023-11-01,625,150550,1,0
FO-1032,2023-12-01,426,102614.88,0,0
FO-1032,2024-01-01,426,102614.88,0,0
FO-1032,2024-02-01,553,133206.64,0,0
FO-1032,2024-03-01,697,167893.36,0,0
FO-1032,2024-04-01,759,182827.92,0,0
FO-1032,2024-05-01,839,202098.32,0,0
FO-1032,2024-06-01,871,209806.48,0,0
FO-1032,2024-07-01,790,190295.2,0,0
FO-1032,2024-08-01,804,193667.52,0,0
FO-1032,2024-09-01,1069,257500.72,1,0
FO-1032,2024-10-01,680,163798.4,0,0
FO-1032,2024-11-01,535,128870.8,0,0
FO-1032,2024-12-01,733,176565.04,1,0
FO-1032,2025-01-01,527,126943.76,0,0
FO-1032,2025-02-01,678,163316.64,0,0
FO-1032,2025-03-01,758,182587.04,0,0
FO-1032,2025-04-01,865,208361.2,0,0
FO-1032,2025-05-01,976,235098.88,0,0
FO-1032,2025-06-01,986,237507.68,0,0
FO-1032,2025-07-01,948,228354.24,0,0
FO-1032,2025-08-01,886,213419.68,0,0
FO-1032,2025-09-01,832,200412.16,0,0
FO-1032,2025-10-01,738,177769.44,0,0
FO-1032,2025-11-01,796,191740.48,1,0
FO-1032,2025-12-01,593,142841.84,0,0
FO-1032,2026-01-01,618,148863.84,0,0
FO-1032,2026-02-01,1070,257741.6,1,0
FO-1032,2026-03-01,891,214624.08,0,0
FO-1032,2026-04-01,995,239675.6,0,0
FO-1032,2026-05-01,1085,261354.8,0,0
FO-1032,2026-06-01,1122,270267.36,0,0
FO-1033,2023-06-01,802,181123.68,0,0
FO-1033,2023-07-01,703,158765.52,0,0
FO-1033,2023-08-01,690,155829.6,0,0
FO-1033,2023-09-01,644,145440.96,0,0
FO-1033,2023-10-01,548,123760.32,0,0
FO-1033,2023-11-01,455,102757.2,0,0
FO-1033,2023-12-01,390,88077.6,0,0
FO-1033,2024-01-01,451,101853.84,0,0
FO-1033,2024-02-01,600,135504,0,0
FO-1033,2024-03-01,670,151312.8,0,0
FO-1033,2024-04-01,778,175703.52,0,0
FO-1033,2024-05-01,1157,261296.88,1,0
FO-1033,2024-06-01,878,198287.52,0,0
FO-1033,2024-07-01,826,186543.84,0,0
FO-1033,2024-08-01,807,182252.88,0,0
FO-1033,2024-09-01,740,167121.6,0,0
FO-1033,2024-10-01,970,219064.8,1,0
FO-1033,2024-11-01,661,149280.24,1,0
FO-1033,2024-12-01,499,112694.16,0,0
FO-1033,2025-01-01,527,119017.68,0,0
FO-1033,2025-02-01,700,158088,0,0
FO-1033,2025-03-01,783,176832.72,0,0
FO-1033,2025-04-01,1329,300141.36,1,0
FO-1033,2025-05-01,1521,343502.64,1,0
FO-1033,2025-06-01,951,214773.84,0,0
FO-1033,2025-07-01,1222,275976.48,1,0
FO-1033,2025-08-01,861,194448.24,0,0
FO-1033,2025-09-01,814,183833.76,0,0
FO-1033,2025-10-01,987,222904.08,1,0
FO-1033,2025-11-01,657,148376.88,0,0
FO-1033,2025-12-01,592,133697.28,0,0
FO-1033,2026-01-01,621,140246.64,0,0
FO-1033,2026-02-01,781,176381.04,0,0
FO-1033,2026-03-01,858,193770.72,0,0
FO-1033,2026-04-01,975,220194,0,0
FO-1033,2026-05-01,1097,247746.48,0,0
FO-1033,2026-06-01,1104,249327.36,0,0
FO-1034,2023-06-01,753,36196.71,0,0
FO-1034,2023-07-01,733,35235.31,0,0
FO-1034,2023-08-01,646,31053.22,0,0
FO-1034,2023-09-01,607,29178.49,0,0
FO-1034,2023-10-01,515,24756.05,0,0
FO-1034,2023-11-01,426,20477.82,0,0
FO-1034,2023-12-01,368,17689.76,0,0
FO-1034,2024-01-01,426,20477.82,0,0
FO-1034,2024-02-01,606,29130.42,0,0
FO-1034,2024-03-01,647,31101.29,0,0
FO-1034,2024-04-01,814,39128.98,0,0
FO-1034,2024-05-01,889,42734.23,0,0
FO-1034,2024-06-01,880,42301.6,0,0
FO-1034,2024-07-01,837,40234.59,0,0
FO-1034,2024-08-01,747,35908.29,0,0
FO-1034,2024-09-01,753,36196.71,0,0
FO-1034,2024-10-01,636,30572.52,0,0
FO-1034,2024-11-01,523,25140.61,0,0
FO-1034,2024-12-01,505,24275.35,0,0
FO-1034,2025-01-01,564,27111.48,0,0
FO-1034,2025-02-01,710,34129.7,0,0
FO-1034,2025-03-01,789,37927.23,0,0
FO-1034,2025-04-01,924,44416.68,0,0
FO-1034,2025-05-01,1436,69028.52,1,0
FO-1034,2025-06-01,988,47493.16,0,0
FO-1034,2025-07-01,1327,63788.89,1,0
FO-1034,2025-08-01,872,41917.04,0,0
FO-1034,2025-09-01,866,41628.62,0,0
FO-1034,2025-10-01,774,37206.18,0,0
FO-1034,2025-11-01,888,42686.16,1,0
FO-1034,2025-12-01,790,37975.3,1,0
FO-1034,2026-01-01,636,30572.52,0,0
FO-1034,2026-02-01,800,38456,0,0
FO-1034,2026-03-01,881,42349.67,0,0
FO-1034,2026-04-01,1005,48310.35,0,0
FO-1034,2026-05-01,1601,76960.07,1,0
FO-1034,2026-06-01,1067,51290.69,0,0
FO-1035,2023-06-01,762,97795.08,0,0
FO-1035,2023-07-01,745,95613.3,0,0
FO-1035,2023-08-01,697,89452.98,0,0
FO-1035,2023-09-01,591,75848.94,0,0
FO-1035,2023-10-01,521,66865.14,0,0
FO-1035,2023-11-01,423,54287.82,0,0
FO-1035,2023-12-01,370,47485.8,0,0
FO-1035,2024-01-01,408,52362.72,0,0
FO-1035,2024-02-01,580,74437.2,0,0
FO-1035,2024-03-01,662,84961.08,0,0
FO-1035,2024-04-01,779,99976.86,0,0
FO-1035,2024-05-01,857,109987.38,0,0
FO-1035,2024-06-01,848,108832.32,0,0
FO-1035,2024-07-01,790,101388.6,0,0
FO-1035,2024-08-01,796,102158.64,0,0
FO-1035,2024-09-01,740,94971.6,0,0
FO-1035,2024-10-01,674,86501.16,0,0
FO-1035,2024-11-01,547,70201.98,0,0
FO-1035,2024-12-01,471,60448.14,0,0
FO-1035,2025-01-01,524,67250.16,0,0
FO-1035,2025-02-01,664,85217.76,0,0
FO-1035,2025-03-01,812,104212.08,0,0
FO-1035,2025-04-01,865,111014.1,0,0
FO-1035,2025-05-01,984,126286.56,0,0
FO-1035,2025-06-01,989,126928.26,0,0
FO-1035,2025-07-01,915,117431.1,0,0
FO-1035,2025-08-01,896,114992.64,0,0
FO-1035,2025-09-01,838,107548.92,0,0
FO-1035,2025-10-01,782,100361.88,0,0
FO-1035,2025-11-01,401,51464.34,1,1
FO-1035,2025-12-01,321,41197.14,1,1
FO-1035,2026-01-01,675,86629.5,0,0
FO-1035,2026-02-01,761,97666.74,0,0
FO-1035,2026-03-01,868,111399.12,0,0
FO-1035,2026-04-01,970,124489.8,0,0
FO-1035,2026-05-01,1460,187376.4,1,0
FO-1035,2026-06-01,1075,137965.5,0,0
FO-1036,2023-06-01,765,40606.2,0,0
FO-1036,2023-07-01,706,37474.48,0,0
FO-1036,2023-08-01,666,35351.28,0,0
FO-1036,2023-09-01,589,31264.12,0,0
FO-1036,2023-10-01,753,39969.24,1,0
FO-1036,2023-11-01,648,34395.84,1,0
FO-1036,2023-12-01,410,21762.8,0,0
FO-1036,2024-01-01,422,22399.76,0,0
FO-1036,2024-02-01,605,32113.4,0,0
FO-1036,2024-03-01,641,34024.28,0,0
FO-1036,2024-04-01,805,42729.4,0,0
FO-1036,2024-05-01,880,46710.4,0,0
FO-1036,2024-06-01,911,48355.88,0,0
FO-1036,2024-07-01,834,44268.72,0,0
FO-1036,2024-08-01,751,39863.08,0,0
FO-1036,2024-09-01,700,37156,0,0
FO-1036,2024-10-01,654,34714.32,0,0
FO-1036,2024-11-01,521,27654.68,0,0
FO-1036,2024-12-01,472,25053.76,0,0
FO-1036,2025-01-01,585,31051.8,0,0
FO-1036,2025-02-01,721,38270.68,0,0
FO-1036,2025-03-01,779,41349.32,0,0
FO-1036,2025-04-01,873,46338.84,0,0
FO-1036,2025-05-01,1271,67464.68,1,0
FO-1036,2025-06-01,969,51434.52,0,0
FO-1036,2025-07-01,948,50319.84,0,0
FO-1036,2025-08-01,906,48090.48,0,0
FO-1036,2025-09-01,841,44640.28,0,0
FO-1036,2025-10-01,1019,54088.52,1,0
FO-1036,2025-11-01,636,33758.88,0,0
FO-1036,2025-12-01,900,47772,1,0
FO-1036,2026-01-01,670,35563.6,0,0
FO-1036,2026-02-01,769,40818.52,0,0
FO-1036,2026-03-01,904,47984.32,0,0
FO-1036,2026-04-01,987,52389.96,0,0
FO-1036,2026-05-01,428,22718.24,0,1
FO-1036,2026-06-01,1118,59343.44,0,0
FO-1037,2023-06-01,795,149976.75,0,0
FO-1037,2023-07-01,744,140355.6,0,0
FO-1037,2023-08-01,696,131300.4,0,0
FO-1037,2023-09-01,641,120924.65,0,0
FO-1037,2023-10-01,815,153749.75,1,0
FO-1037,2023-11-01,639,120547.35,1,0
FO-1037,2023-12-01,411,77535.15,0,0
FO-1037,2024-01-01,428,80742.2,0,0
FO-1037,2024-02-01,599,113001.35,0,0
FO-1037,2024-03-01,711,134130.15,0,0
FO-1037,2024-04-01,809,152617.85,0,0
FO-1037,2024-05-01,886,167143.9,0,0
FO-1037,2024-06-01,906,170916.9,0,0
FO-1037,2024-07-01,829,156390.85,0,0
FO-1037,2024-08-01,1027,193743.55,1,0
FO-1037,2024-09-01,737,139035.05,0,0
FO-1037,2024-10-01,668,126018.2,0,0
FO-1037,2024-11-01,774,146015.1,1,0
FO-1037,2024-12-01,491,92627.15,0,0
FO-1037,2025-01-01,548,103380.2,0,0
FO-1037,2025-02-01,1016,191668.4,1,0
FO-1037,2025-03-01,809,152617.85,0,0
FO-1037,2025-04-01,905,170728.25,0,0
FO-1037,2025-05-01,993,187329.45,0,0
FO-1037,2025-06-01,1006,189781.9,0,0
FO-1037,2025-07-01,908,171294.2,0,0
FO-1037,2025-08-01,883,166577.95,0,0
FO-1037,2025-09-01,829,156390.85,0,0
FO-1037,2025-10-01,312,58858.8,0,1
FO-1037,2025-11-01,955,180160.75,1,0
FO-1037,2025-12-01,849,160163.85,1,0
FO-1037,2026-01-01,682,128659.3,0,0
FO-1037,2026-02-01,829,156390.85,0,0
FO-1037,2026-03-01,885,166955.25,0,0
FO-1037,2026-04-01,995,187706.75,0,0
FO-1037,2026-05-01,1084,204496.6,0,0
FO-1037,2026-06-01,1105,208458.25,0,0
FO-1038,2023-06-01,773,90008.12,0,0
FO-1038,2023-07-01,725,84419,0,0
FO-1038,2023-08-01,686,79877.84,0,0
FO-1038,2023-09-01,628,73124.32,0,0
FO-1038,2023-10-01,564,65672.16,0,0
FO-1038,2023-11-01,421,49021.24,0,0
FO-1038,2023-12-01,425,49487,0,0
FO-1038,2024-01-01,457,53213.08,0,0
FO-1038,2024-02-01,611,71144.84,0,0
FO-1038,2024-03-01,699,81391.56,0,0
FO-1038,2024-04-01,302,35164.88,0,1
FO-1038,2024-05-01,429,49952.76,1,1
FO-1038,2024-06-01,902,105028.88,0,0
FO-1038,2024-07-01,847,98624.68,0,0
FO-1038,2024-08-01,758,88261.52,0,0
FO-1038,2024-09-01,734,85466.96,0,0
FO-1038,2024-10-01,884,102932.96,1,0
FO-1038,2024-11-01,222,25849.68,0,1
FO-1038,2024-12-01,777,90473.88,1,0
FO-1038,2025-01-01,582,67768.08,0,0
FO-1038,2025-02-01,278,32370.32,0,1
FO-1038,2025-03-01,1027,119583.88,1,0
FO-1038,2025-04-01,868,101069.92,0,0
FO-1038,2025-05-01,995,115857.8,0,0
FO-1038,2025-06-01,1005,117022.2,0,0
FO-1038,2025-07-01,910,105960.4,0,0
FO-1038,2025-08-01,907,105611.08,0,0
FO-1038,2025-09-01,849,98857.56,0,0
FO-1038,2025-10-01,1031,120049.64,1,0
FO-1038,2025-11-01,636,74055.84,0,0
FO-1038,2025-12-01,588,68466.72,0,0
FO-1038,2026-01-01,644,74987.36,0,0
FO-1038,2026-02-01,764,88960.16,0,0
FO-1038,2026-03-01,880,102467.2,0,0
FO-1038,2026-04-01,986,114809.84,0,0
FO-1038,2026-05-01,1105,128666.2,0,0
FO-1038,2026-06-01,1134,132042.96,0,0
FO-1039,2023-06-01,794,105824.32,0,0
FO-1039,2023-07-01,748,99693.44,0,0
FO-1039,2023-08-01,667,88897.76,0,0
FO-1039,2023-09-01,652,86898.56,0,0
FO-1039,2023-10-01,519,69172.32,0,0
FO-1039,2023-11-01,392,52245.76,0,0
FO-1039,2023-12-01,387,51579.36,0,0
FO-1039,2024-01-01,413,55044.64,0,0
FO-1039,2024-02-01,553,73703.84,0,0
FO-1039,2024-03-01,688,91696.64,0,0
FO-1039,2024-04-01,782,104224.96,0,0
FO-1039,2024-05-01,342,45581.76,0,1
FO-1039,2024-06-01,890,118619.2,0,0
FO-1039,2024-07-01,816,108756.48,0,0
FO-1039,2024-08-01,809,107823.52,0,0
FO-1039,2024-09-01,713,95028.64,0,0
FO-1039,2024-10-01,680,90630.4,0,0
FO-1039,2024-11-01,558,74370.24,0,0
FO-1039,2024-12-01,513,68372.64,0,0
FO-1039,2025-01-01,583,77702.24,0,0
FO-1039,2025-02-01,720,95961.6,0,0
FO-1039,2025-03-01,783,104358.24,0,0
FO-1039,2025-04-01,919,122484.32,0,0
FO-1039,2025-05-01,488,65040.64,1,1
FO-1039,2025-06-01,974,129814.72,0,0
FO-1039,2025-07-01,917,122217.76,0,0
FO-1039,2025-08-01,882,117552.96,0,0
FO-1039,2025-09-01,855,113954.4,0,0
FO-1039,2025-10-01,743,99027.04,0,0
FO-1039,2025-11-01,613,81700.64,0,0
FO-1039,2025-12-01,645,85965.6,0,0
FO-1039,2026-01-01,655,87298.4,0,0
FO-1039,2026-02-01,770,102625.6,0,0
FO-1039,2026-03-01,913,121684.64,0,0
FO-1039,2026-04-01,981,130747.68,0,0
FO-1039,2026-05-01,1451,193389.28,1,0
FO-1039,2026-06-01,1112,148207.36,0,0
FO-1040,2023-06-01,796,25424.24,0,0
FO-1040,2023-07-01,696,22230.24,0,0
FO-1040,2023-08-01,674,21527.56,0,0
FO-1040,2023-09-01,622,19866.68,0,0
FO-1040,2023-10-01,503,16065.82,0,0
FO-1040,2023-11-01,405,12935.7,0,0
FO-1040,2023-12-01,361,11530.34,0,0
FO-1040,2024-01-01,449,14341.06,0,0
FO-1040,2024-02-01,543,17343.42,0,0
FO-1040,2024-03-01,644,20569.36,0,0
FO-1040,2024-04-01,801,25583.94,0,0
FO-1040,2024-05-01,843,26925.42,0,0
FO-1040,2024-06-01,868,27723.92,0,0
FO-1040,2024-07-01,832,26574.08,0,0
FO-1040,2024-08-01,798,25488.12,0,0
FO-1040,2024-09-01,743,23731.42,0,0
FO-1040,2024-10-01,336,10731.84,1,1
FO-1040,2024-11-01,743,23731.42,1,0
FO-1040,2024-12-01,471,15043.74,0,0
FO-1040,2025-01-01,529,16896.26,0,0
FO-1040,2025-02-01,645,20601.3,0,0
FO-1040,2025-03-01,745,23795.3,0,0
FO-1040,2025-04-01,854,27276.76,0,0
FO-1040,2025-05-01,948,30279.12,0,0
FO-1040,2025-06-01,1228,39222.32,1,0
FO-1040,2025-07-01,898,28682.12,0,0
FO-1040,2025-08-01,917,29288.98,0,0
FO-1040,2025-09-01,800,25552,0,0
FO-1040,2025-10-01,717,22900.98,0,0
FO-1040,2025-11-01,864,27596.16,1,0
FO-1040,2025-12-01,638,20377.72,0,0
FO-1040,2026-01-01,678,21655.32,0,0
FO-1040,2026-02-01,789,25200.66,0,0
FO-1040,2026-03-01,871,27819.74,0,0
FO-1040,2026-04-01,1014,32387.16,0,0
FO-1040,2026-05-01,1072,34239.68,0,0
FO-1040,2026-06-01,1057,33760.58,0,0
FO-1041,2023-06-01,803,55559.57,0,0
FO-1041,2023-07-01,743,51408.17,0,0
FO-1041,2023-08-01,703,48640.57,0,0
FO-1041,2023-09-01,627,43382.13,0,0
FO-1041,2023-10-01,544,37639.36,0,0
FO-1041,2023-11-01,427,29544.13,0,0
FO-1041,2023-12-01,630,43589.7,1,0
FO-1041,2024-01-01,403,27883.57,0,0
FO-1041,2024-02-01,610,42205.9,0,0
FO-1041,2024-03-01,659,45596.21,0,0
FO-1041,2024-04-01,805,55697.95,0,0
FO-1041,2024-05-01,357,24700.83,0,1
FO-1041,2024-06-01,889,61509.91,0,0
FO-1041,2024-07-01,833,57635.27,0,0
FO-1041,2024-08-01,756,52307.64,0,0
FO-1041,2024-09-01,706,48848.14,0,0
FO-1041,2024-10-01,665,46011.35,0,0
FO-1041,2024-11-01,504,34871.76,0,0
FO-1041,2024-12-01,497,34387.43,0,0
FO-1041,2025-01-01,531,36739.89,0,0
FO-1041,2025-02-01,271,18750.49,0,1
FO-1041,2025-03-01,780,53968.2,0,0
FO-1041,2025-04-01,873,60402.87,0,0
FO-1041,2025-05-01,966,66837.54,0,0
FO-1041,2025-06-01,983,68013.77,0,0
FO-1041,2025-07-01,895,61925.05,0,0
FO-1041,2025-08-01,1232,85242.08,1,0
FO-1041,2025-09-01,822,56874.18,0,0
FO-1041,2025-10-01,769,53207.11,0,0
FO-1041,2025-11-01,605,41859.95,0,0
FO-1041,2025-12-01,579,40061.01,0,0
FO-1041,2026-01-01,655,45319.45,0,0
FO-1041,2026-02-01,777,53760.63,0,0
FO-1041,2026-03-01,856,59226.64,0,0
FO-1041,2026-04-01,992,68636.48,0,0
FO-1041,2026-05-01,1059,73272.21,0,0
FO-1041,2026-06-01,1098,75970.62,0,0
FO-1042,2023-06-01,776,39040.56,0,0
FO-1042,2023-07-01,688,34613.28,0,0
FO-1042,2023-08-01,641,32248.71,0,0
FO-1042,2023-09-01,608,30588.48,0,0
FO-1042,2023-10-01,795,39996.45,1,0
FO-1042,2023-11-01,555,27922.05,1,0
FO-1042,2023-12-01,544,27368.64,1,0
FO-1042,2024-01-01,457,22991.67,0,0
FO-1042,2024-02-01,542,27268.02,0,0
FO-1042,2024-03-01,681,34261.11,0,0
FO-1042,2024-04-01,749,37682.19,0,0
FO-1042,2024-05-01,873,43920.63,0,0
FO-1042,2024-06-01,870,43769.7,0,0
FO-1042,2024-07-01,811,40801.41,0,0
FO-1042,2024-08-01,771,38789.01,0,0
FO-1042,2024-09-01,703,35367.93,0,0
FO-1042,2024-10-01,670,33707.7,0,0
FO-1042,2024-11-01,530,26664.3,0,0
FO-1042,2024-12-01,768,38638.08,1,0
FO-1042,2025-01-01,561,28223.91,0,0
FO-1042,2025-02-01,692,34814.52,0,0
FO-1042,2025-03-01,782,39342.42,0,0
FO-1042,2025-04-01,885,44524.35,0,0
FO-1042,2025-05-01,1009,50762.79,0,0
FO-1042,2025-06-01,979,49253.49,0,0
FO-1042,2025-07-01,903,45429.93,0,0
FO-1042,2025-08-01,901,45329.31,0,0
FO-1042,2025-09-01,863,43417.53,0,0
FO-1042,2025-10-01,999,50259.69,1,0
FO-1042,2025-11-01,649,32651.19,0,0
FO-1042,2025-12-01,639,32148.09,0,0
FO-1042,2026-01-01,642,32299.02,0,0
FO-1042,2026-02-01,800,40248,0,0
FO-1042,2026-03-01,860,43266.6,0,0
FO-1042,2026-04-01,999,50259.69,0,0
FO-1042,2026-05-01,441,22186.71,0,1
FO-1042,2026-06-01,1057,53177.67,0,0
FO-1043,2023-06-01,749,182815.92,0,0
FO-1043,2023-07-01,717,175005.36,0,0
FO-1043,2023-08-01,993,242371.44,1,0
FO-1043,2023-09-01,652,159140.16,0,0
FO-1043,2023-10-01,544,132779.52,0,0
FO-1043,2023-11-01,397,96899.76,0,0
FO-1043,2023-12-01,378,92262.24,0,0
FO-1043,2024-01-01,464,113253.12,0,0
FO-1043,2024-02-01,543,132535.44,0,0
FO-1043,2024-03-01,688,167927.04,0,0
FO-1043,2024-04-01,784,191358.72,0,0
FO-1043,2024-05-01,1318,321697.44,1,0
FO-1043,2024-06-01,873,213081.84,0,0
FO-1043,2024-07-01,1200,292896,1,0
FO-1043,2024-08-01,773,188673.84,0,0
FO-1043,2024-09-01,738,180131.04,0,0
FO-1043,2024-10-01,640,156211.2,0,0
FO-1043,2024-11-01,510,124480.8,0,0
FO-1043,2024-12-01,519,126677.52,0,0
FO-1043,2025-01-01,562,137172.96,0,0
FO-1043,2025-02-01,679,165730.32,0,0
FO-1043,2025-03-01,322,78593.76,0,1
FO-1043,2025-04-01,895,218451.6,0,0
FO-1043,2025-05-01,1422,347081.76,1,0
FO-1043,2025-06-01,990,241639.2,0,0
FO-1043,2025-07-01,910,222112.8,0,0
FO-1043,2025-08-01,914,223089.12,0,0
FO-1043,2025-09-01,861,210152.88,0,0
FO-1043,2025-10-01,738,180131.04,0,0
FO-1043,2025-11-01,623,152061.84,0,0
FO-1043,2025-12-01,390,95191.2,1,1
FO-1043,2026-01-01,624,152305.92,0,0
FO-1043,2026-02-01,763,186233.04,0,0
FO-1043,2026-03-01,879,214546.32,0,0
FO-1043,2026-04-01,1013,247253.04,0,0
FO-1043,2026-05-01,1096,267511.68,0,0
FO-1043,2026-06-01,1074,262141.92,0,0
FO-1044,2023-06-01,804,193040.4,0,0
FO-1044,2023-07-01,689,165428.9,0,0
FO-1044,2023-08-01,671,161107.1,0,0
FO-1044,2023-09-01,591,141899.1,0,0
FO-1044,2023-10-01,813,195201.3,1,0
FO-1044,2023-11-01,445,106844.5,0,0
FO-1044,2023-12-01,575,138057.5,1,0
FO-1044,2024-01-01,468,112366.8,0,0
FO-1044,2024-02-01,611,146701.1,0,0
FO-1044,2024-03-01,673,161587.3,0,0
FO-1044,2024-04-01,758,181995.8,0,0
FO-1044,2024-05-01,843,202404.3,0,0
FO-1044,2024-06-01,852,204565.2,0,0
FO-1044,2024-07-01,793,190399.3,0,0
FO-1044,2024-08-01,760,182476,0,0
FO-1044,2024-09-01,1021,245142.1,1,0
FO-1044,2024-10-01,639,153423.9,0,0
FO-1044,2024-11-01,535,128453.5,0,0
FO-1044,2024-12-01,500,120050,0,0
FO-1044,2025-01-01,571,137097.1,0,0
FO-1044,2025-02-01,719,172631.9,0,0
FO-1044,2025-03-01,761,182716.1,0,0
FO-1044,2025-04-01,895,214889.5,0,0
FO-1044,2025-05-01,946,227134.6,0,0
FO-1044,2025-06-01,959,230255.9,0,0
FO-1044,2025-07-01,948,227614.8,0,0
FO-1044,2025-08-01,899,215849.9,0,0
FO-1044,2025-09-01,812,194961.2,0,0
FO-1044,2025-10-01,728,174792.8,0,0
FO-1044,2025-11-01,669,160626.9,0,0
FO-1044,2025-12-01,957,229775.7,1,0
FO-1044,2026-01-01,660,158466,0,0
FO-1044,2026-02-01,773,185597.3,0,0
FO-1044,2026-03-01,892,214169.2,0,0
FO-1044,2026-04-01,550,132055,1,1
FO-1044,2026-05-01,1102,264590.2,0,0
FO-1044,2026-06-01,1064,255466.4,0,0
HO-1045,2023-06-01,809,165675.11,0,0
HO-1045,2023-07-01,681,139461.99,0,0
HO-1045,2023-08-01,900,184311,1,0
HO-1045,2023-09-01,612,125331.48,0,0
HO-1045,2023-10-01,786,160964.94,1,0
HO-1045,2023-11-01,390,79868.1,0,0
HO-1045,2023-12-01,540,110586.6,1,0
HO-1045,2024-01-01,431,88264.49,0,0
HO-1045,2024-02-01,580,118778.2,0,0
HO-1045,2024-03-01,701,143557.79,0,0
HO-1045,2024-04-01,771,157893.09,0,0
HO-1045,2024-05-01,1296,265407.84,1,0
HO-1045,2024-06-01,916,187587.64,0,0
HO-1045,2024-07-01,793,162398.47,0,0
HO-1045,2024-08-01,797,163217.63,0,0
HO-1045,2024-09-01,722,147858.38,0,0
HO-1045,2024-10-01,639,130860.81,0,0
HO-1045,2024-11-01,528,108129.12,0,0
HO-1045,2024-12-01,506,103623.74,0,0
HO-1045,2025-01-01,562,115091.98,0,0
HO-1045,2025-02-01,696,142533.84,0,0
HO-1045,2025-03-01,761,155845.19,0,0
HO-1045,2025-04-01,882,180624.78,0,0
HO-1045,2025-05-01,1327,271756.33,1,0
HO-1045,2025-06-01,957,195984.03,0,0
HO-1045,2025-07-01,904,185130.16,0,0
HO-1045,2025-08-01,914,187178.06,0,0
HO-1045,2025-09-01,832,170385.28,0,0
HO-1045,2025-10-01,997,204175.63,1,0
HO-1045,2025-11-01,637,130451.23,0,0
HO-1045,2025-12-01,613,125536.27,0,0
HO-1045,2026-01-01,683,139871.57,0,0
HO-1045,2026-02-01,309,63280.11,0,1
HO-1045,2026-03-01,910,186358.9,0,0
HO-1045,2026-04-01,976,199875.04,0,0
HO-1045,2026-05-01,1428,292440.12,1,0
HO-1045,2026-06-01,1085,222197.15,0,0
HO-1046,2023-06-01,771,187676.82,0,0
HO-1046,2023-07-01,699,170150.58,0,0
HO-1046,2023-08-01,655,159440.1,0,0
HO-1046,2023-09-01,655,159440.1,0,0
HO-1046,2023-10-01,660,160657.2,1,0
HO-1046,2023-11-01,600,146052,1,0
HO-1046,2023-12-01,371,90308.82,0,0
HO-1046,2024-01-01,415,101019.3,0,0
HO-1046,2024-02-01,555,135098.1,0,0
HO-1046,2024-03-01,660,160657.2,0,0
HO-1046,2024-04-01,790,192301.8,0,0
HO-1046,2024-05-01,867,211045.14,0,0
HO-1046,2024-06-01,885,215426.7,0,0
HO-1046,2024-07-01,799,194492.58,0,0
HO-1046,2024-08-01,807,196439.94,0,0
HO-1046,2024-09-01,726,176722.92,0,0
HO-1046,2024-10-01,904,220051.68,1,0
HO-1046,2024-11-01,335,81545.7,1,1
HO-1046,2024-12-01,505,122927.1,0,0
HO-1046,2025-01-01,566,137775.72,0,0
HO-1046,2025-02-01,686,166986.12,0,0
HO-1046,2025-03-01,1166,283827.72,1,0
HO-1046,2025-04-01,884,215183.28,0,0
HO-1046,2025-05-01,1254,305248.68,1,0
HO-1046,2025-06-01,1021,248531.82,0,0
HO-1046,2025-07-01,379,92256.18,0,1
HO-1046,2025-08-01,927,225650.34,0,0
HO-1046,2025-09-01,813,197900.46,0,0
HO-1046,2025-10-01,743,180861.06,0,0
HO-1046,2025-11-01,664,161630.88,0,0
HO-1046,2025-12-01,634,154328.28,0,0
HO-1046,2026-01-01,821,199847.82,1,0
HO-1046,2026-02-01,1153,280663.26,1,0
HO-1046,2026-03-01,917,223216.14,0,0
HO-1046,2026-04-01,980,238551.6,0,0
HO-1046,2026-05-01,1093,266058.06,0,0
HO-1046,2026-06-01,1107,269465.94,0,0
HO-1047,2023-06-01,809,78149.4,0,0
HO-1047,2023-07-01,742,71677.2,0,0
HO-1047,2023-08-01,683,65977.8,0,0
HO-1047,2023-09-01,614,59312.4,0,0
HO-1047,2023-10-01,519,50135.4,0,0
HO-1047,2023-11-01,415,40089,0,0
HO-1047,2023-12-01,619,59795.4,1,0
HO-1047,2024-01-01,692,66847.2,1,0
HO-1047,2024-02-01,572,55255.2,0,0
HO-1047,2024-03-01,690,66654,0,0
HO-1047,2024-04-01,787,76024.2,0,0
HO-1047,2024-05-01,850,82110,0,0
HO-1047,2024-06-01,872,84235.2,0,0
HO-1047,2024-07-01,839,81047.4,0,0
HO-1047,2024-08-01,820,79212,0,0
HO-1047,2024-09-01,764,73802.4,0,0
HO-1047,2024-10-01,675,65205,0,0
HO-1047,2024-11-01,521,50328.6,0,0
HO-1047,2024-12-01,517,49942.2,0,0
HO-1047,2025-01-01,551,53226.6,0,0
HO-1047,2025-02-01,659,63659.4,0,0
HO-1047,2025-03-01,1066,102975.6,1,0
HO-1047,2025-04-01,923,89161.8,0,0
HO-1047,2025-05-01,1013,97855.8,0,0
HO-1047,2025-06-01,987,95344.2,0,0
HO-1047,2025-07-01,900,86940,0,0
HO-1047,2025-08-01,913,88195.8,0,0
HO-1047,2025-09-01,844,81530.4,0,0
HO-1047,2025-10-01,792,76507.2,0,0
HO-1047,2025-11-01,627,60568.2,0,0
HO-1047,2025-12-01,612,59119.2,0,0
HO-1047,2026-01-01,647,62500.2,0,0
HO-1047,2026-02-01,764,73802.4,0,0
HO-1047,2026-03-01,895,86457,0,0
HO-1047,2026-04-01,1017,98242.2,0,0
HO-1047,2026-05-01,1127,108868.2,0,0
HO-1047,2026-06-01,1125,108675,0,0
HO-1048,2023-06-01,815,114882.4,0,0
HO-1048,2023-07-01,731,103041.76,0,0
HO-1048,2023-08-01,715,100786.4,0,0
HO-1048,2023-09-01,635,89509.6,0,0
HO-1048,2023-10-01,511,72030.56,0,0
HO-1048,2023-11-01,400,56384,0,0
HO-1048,2023-12-01,403,56806.88,0,0
HO-1048,2024-01-01,455,64136.8,0,0
HO-1048,2024-02-01,577,81333.92,0,0
HO-1048,2024-03-01,692,97544.32,0,0
HO-1048,2024-04-01,777,109525.92,0,0
HO-1048,2024-05-01,889,125313.44,0,0
HO-1048,2024-06-01,878,123762.88,0,0
HO-1048,2024-07-01,1175,165628,1,0
HO-1048,2024-08-01,763,107552.48,0,0
HO-1048,2024-09-01,742,104592.32,0,0
HO-1048,2024-10-01,640,90214.4,0,0
HO-1048,2024-11-01,520,73299.2,0,0
HO-1048,2024-12-01,519,73158.24,0,0
HO-1048,2025-01-01,567,79924.32,0,0
HO-1048,2025-02-01,714,100645.44,0,0
HO-1048,2025-03-01,785,110653.6,0,0
HO-1048,2025-04-01,931,131233.76,0,0
HO-1048,2025-05-01,1007,141946.72,0,0
HO-1048,2025-06-01,1016,143215.36,0,0
HO-1048,2025-07-01,971,136872.16,0,0
HO-1048,2025-08-01,921,129824.16,0,0
HO-1048,2025-09-01,858,120943.68,0,0
HO-1048,2025-10-01,728,102618.88,0,0
HO-1048,2025-11-01,656,92469.76,0,0
HO-1048,2025-12-01,652,91905.92,0,0
HO-1048,2026-01-01,667,94020.32,0,0
HO-1048,2026-02-01,314,44261.44,0,1
HO-1048,2026-03-01,889,125313.44,0,0
HO-1048,2026-04-01,1033,145611.68,0,0
HO-1048,2026-05-01,1066,150263.36,0,0
HO-1048,2026-06-01,1083,152659.68,0,0
HO-1049,2023-06-01,796,43971.04,0,0
HO-1049,2023-07-01,728,40214.72,0,0
HO-1049,2023-08-01,694,38336.56,0,0
HO-1049,2023-09-01,635,35077.4,0,0
HO-1049,2023-10-01,552,30492.48,0,0
HO-1049,2023-11-01,453,25023.72,0,0
HO-1049,2023-12-01,557,30768.68,1,0
HO-1049,2024-01-01,441,24360.84,0,0
HO-1049,2024-02-01,582,32149.68,0,0
HO-1049,2024-03-01,674,37231.76,0,0
HO-1049,2024-04-01,763,42148.12,0,0
HO-1049,2024-05-01,853,47119.72,0,0
HO-1049,2024-06-01,914,50489.36,0,0
HO-1049,2024-07-01,861,47561.64,0,0
HO-1049,2024-08-01,791,43694.84,0,0
HO-1049,2024-09-01,762,42092.88,0,0
HO-1049,2024-10-01,623,34414.52,0,0
HO-1049,2024-11-01,549,30326.76,0,0
HO-1049,2024-12-01,785,43363.4,1,0
HO-1049,2025-01-01,750,41430,1,0
HO-1049,2025-02-01,722,39883.28,0,0
HO-1049,2025-03-01,773,42700.52,0,0
HO-1049,2025-04-01,911,50323.64,0,0
HO-1049,2025-05-01,1009,55737.16,0,0
HO-1049,2025-06-01,1020,56344.8,0,0
HO-1049,2025-07-01,912,50378.88,0,0
HO-1049,2025-08-01,872,48169.28,0,0
HO-1049,2025-09-01,1064,58775.36,1,0
HO-1049,2025-10-01,788,43529.12,0,0
HO-1049,2025-11-01,954,52698.96,1,0
HO-1049,2025-12-01,636,35132.64,0,0
HO-1049,2026-01-01,650,35906,0,0
HO-1049,2026-02-01,1137,62807.88,1,0
HO-1049,2026-03-01,877,48445.48,0,0
HO-1049,2026-04-01,979,54079.96,0,0
HO-1049,2026-05-01,1105,61040.2,0,0
HO-1049,2026-06-01,1121,61924.04,0,0
HO-1050,2023-06-01,1037,55956.52,1,0
HO-1050,2023-07-01,694,37448.24,0,0
HO-1050,2023-08-01,333,17968.68,1,1
HO-1050,2023-09-01,602,32483.92,0,0
HO-1050,2023-10-01,540,29138.4,0,0
HO-1050,2023-11-01,389,20990.44,0,0
HO-1050,2023-12-01,423,22825.08,0,0
HO-1050,2024-01-01,586,31620.56,1,0
HO-1050,2024-02-01,602,32483.92,0,0
HO-1050,2024-03-01,688,37124.48,0,0
HO-1050,2024-04-01,780,42088.8,0,0
HO-1050,2024-05-01,842,45434.32,0,0
HO-1050,2024-06-01,891,48078.36,0,0
HO-1050,2024-07-01,1045,56388.2,1,0
HO-1050,2024-08-01,774,41765.04,0,0
HO-1050,2024-09-01,749,40416.04,0,0
HO-1050,2024-10-01,653,35235.88,0,0
HO-1050,2024-11-01,212,11439.52,0,1
HO-1050,2024-12-01,194,10468.24,0,1
HO-1050,2025-01-01,570,30757.2,0,0
HO-1050,2025-02-01,705,38041.8,0,0
HO-1050,2025-03-01,803,43329.88,0,0
HO-1050,2025-04-01,863,46567.48,0,0
HO-1050,2025-05-01,1336,72090.56,1,0
HO-1050,2025-06-01,968,52233.28,0,0
HO-1050,2025-07-01,956,51585.76,0,0
HO-1050,2025-08-01,863,46567.48,0,0
HO-1050,2025-09-01,865,46675.4,0,0
HO-1050,2025-10-01,740,39930.4,0,0
HO-1050,2025-11-01,866,46729.36,1,0
HO-1050,2025-12-01,899,48510.04,1,0
HO-1050,2026-01-01,683,36854.68,0,0
HO-1050,2026-02-01,809,43653.64,0,0
HO-1050,2026-03-01,873,47107.08,0,0
HO-1050,2026-04-01,1026,55362.96,0,0
HO-1050,2026-05-01,1051,56711.96,0,0
HO-1050,2026-06-01,1094,59032.24,0,0
HO-1051,2023-06-01,752,152821.44,0,0
HO-1051,2023-07-01,728,147944.16,0,0
HO-1051,2023-08-01,669,135954.18,0,0
HO-1051,2023-09-01,634,128841.48,0,0
HO-1051,2023-10-01,646,131280.12,1,0
HO-1051,2023-11-01,454,92261.88,0,0
HO-1051,2023-12-01,433,87994.26,0,0
HO-1051,2024-01-01,437,88807.14,0,0
HO-1051,2024-02-01,546,110958.12,0,0
HO-1051,2024-03-01,1066,216632.52,1,0
HO-1051,2024-04-01,758,154040.76,0,0
HO-1051,2024-05-01,854,173549.88,0,0
HO-1051,2024-06-01,872,177207.84,0,0
HO-1051,2024-07-01,785,159527.7,0,0
HO-1051,2024-08-01,776,157698.72,0,0
HO-1051,2024-09-01,760,154447.2,0,0
HO-1051,2024-10-01,936,190213.92,1,0
HO-1051,2024-11-01,556,112990.32,0,0
HO-1051,2024-12-01,494,100390.68,0,0
HO-1051,2025-01-01,563,114412.86,0,0
HO-1051,2025-02-01,700,142254,0,0
HO-1051,2025-03-01,803,163185.66,0,0
HO-1051,2025-04-01,1248,253618.56,1,0
HO-1051,2025-05-01,1007,204642.54,0,0
HO-1051,2025-06-01,985,200171.7,0,0
HO-1051,2025-07-01,941,191230.02,0,0
HO-1051,2025-08-01,913,185539.86,0,0
HO-1051,2025-09-01,837,170095.14,0,0
HO-1051,2025-10-01,771,156682.62,0,0
HO-1051,2025-11-01,628,127622.16,0,0
HO-1051,2025-12-01,587,119290.14,0,0
HO-1051,2026-01-01,651,132296.22,0,0
HO-1051,2026-02-01,789,160340.58,0,0
HO-1051,2026-03-01,863,175378.86,0,0
HO-1051,2026-04-01,1033,209926.26,0,0
HO-1051,2026-05-01,1517,308284.74,1,0
HO-1051,2026-06-01,1109,225370.98,0,0
HO-1052,2023-06-01,753,190418.64,0,0
HO-1052,2023-07-01,708,179039.04,0,0
HO-1052,2023-08-01,705,178280.4,0,0
HO-1052,2023-09-01,608,153751.04,0,0
HO-1052,2023-10-01,749,189407.12,1,0
HO-1052,2023-11-01,423,106968.24,0,0
HO-1052,2023-12-01,415,104945.2,0,0
HO-1052,2024-01-01,167,42230.96,0,1
HO-1052,2024-02-01,790,199775.2,1,0
HO-1052,2024-03-01,698,176510.24,0,0
HO-1052,2024-04-01,1253,316858.64,1,0
HO-1052,2024-05-01,1140,288283.2,1,0
HO-1052,2024-06-01,856,216465.28,0,0
HO-1052,2024-07-01,815,206097.2,0,0
HO-1052,2024-08-01,751,189912.88,0,0
HO-1052,2024-09-01,746,188648.48,0,0
HO-1052,2024-10-01,661,167153.68,0,0
HO-1052,2024-11-01,527,133267.76,0,0
HO-1052,2024-12-01,771,194970.48,1,0
HO-1052,2025-01-01,742,187636.96,1,0
HO-1052,2025-02-01,668,168923.84,0,0
HO-1052,2025-03-01,816,206350.08,0,0
HO-1052,2025-04-01,456,115313.28,1,1
HO-1052,2025-05-01,983,248581.04,0,0
HO-1052,2025-06-01,1007,254650.16,0,0
HO-1052,2025-07-01,957,242006.16,0,0
HO-1052,2025-08-01,926,234166.88,0,0
HO-1052,2025-09-01,802,202809.76,0,0
HO-1052,2025-10-01,758,191683.04,0,0
HO-1052,2025-11-01,627,158555.76,0,0
HO-1052,2025-12-01,843,213177.84,1,0
HO-1052,2026-01-01,269,68024.72,0,1
HO-1052,2026-02-01,805,203568.4,0,0
HO-1052,2026-03-01,906,229109.28,0,0
HO-1052,2026-04-01,1019,257684.72,0,0
HO-1052,2026-05-01,1103,278926.64,0,0
HO-1052,2026-06-01,1126,284742.88,0,0
HO-1053,2023-06-01,749,60137.21,0,0
HO-1053,2023-07-01,714,57327.06,0,0
HO-1053,2023-08-01,670,53794.3,0,0
HO-1053,2023-09-01,611,49057.19,0,0
HO-1053,2023-10-01,304,24408.16,1,1
HO-1053,2023-11-01,582,46728.78,1,0
HO-1053,2023-12-01,393,31553.97,0,0
HO-1053,2024-01-01,473,37977.17,0,0
HO-1053,2024-02-01,580,46568.2,0,0
HO-1053,2024-03-01,670,53794.3,0,0
HO-1053,2024-04-01,797,63991.13,0,0
HO-1053,2024-05-01,1355,108792.95,1,0
HO-1053,2024-06-01,903,72501.87,0,0
HO-1053,2024-07-01,830,66640.7,0,0
HO-1053,2024-08-01,793,63669.97,0,0
HO-1053,2024-09-01,713,57246.77,0,0
HO-1053,2024-10-01,964,77399.56,1,0
HO-1053,2024-11-01,501,40225.29,0,0
HO-1053,2024-12-01,631,50662.99,1,0
HO-1053,2025-01-01,524,42071.96,0,0
HO-1053,2025-02-01,715,57407.35,0,0
HO-1053,2025-03-01,790,63429.1,0,0
HO-1053,2025-04-01,903,72501.87,0,0
HO-1053,2025-05-01,961,77158.69,0,0
HO-1053,2025-06-01,1479,118748.91,1,0
HO-1053,2025-07-01,911,73144.19,0,0
HO-1053,2025-08-01,911,73144.19,0,0
HO-1053,2025-09-01,844,67764.76,0,0
HO-1053,2025-10-01,731,58691.99,0,0
HO-1053,2025-11-01,833,66881.57,1,0
HO-1053,2025-12-01,864,69370.56,1,0
HO-1053,2026-01-01,1007,80852.03,1,0
HO-1053,2026-02-01,787,63188.23,0,0
HO-1053,2026-03-01,926,74348.54,0,0
HO-1053,2026-04-01,1028,82538.12,0,0
HO-1053,2026-05-01,1091,87596.39,0,0
HO-1053,2026-06-01,1129,90647.41,0,0
HO-1054,2023-06-01,781,83613.86,0,0
HO-1054,2023-07-01,738,79010.28,0,0
HO-1054,2023-08-01,693,74192.58,0,0
HO-1054,2023-09-01,605,64771.3,0,0
HO-1054,2023-10-01,529,56634.74,0,0
HO-1054,2023-11-01,421,45072.26,0,0
HO-1054,2023-12-01,401,42931.06,0,0
HO-1054,2024-01-01,464,49675.84,0,0
HO-1054,2024-02-01,556,59525.36,0,0
HO-1054,2024-03-01,698,74727.88,0,0
HO-1054,2024-04-01,1074,114982.44,1,0
HO-1054,2024-05-01,852,91215.12,0,0
HO-1054,2024-06-01,873,93463.38,0,0
HO-1054,2024-07-01,820,87789.2,0,0
HO-1054,2024-08-01,816,87360.96,0,0
HO-1054,2024-09-01,721,77190.26,0,0
HO-1054,2024-10-01,839,89823.34,1,0
HO-1054,2024-11-01,501,53637.06,0,0
HO-1054,2024-12-01,653,69910.18,1,0
HO-1054,2025-01-01,536,57384.16,0,0
HO-1054,2025-02-01,712,76226.72,0,0
HO-1054,2025-03-01,763,81686.78,0,0
HO-1054,2025-04-01,866,92713.96,0,0
HO-1054,2025-05-01,998,106845.88,0,0
HO-1054,2025-06-01,1003,107381.18,0,0
HO-1054,2025-07-01,896,95925.76,0,0
HO-1054,2025-08-01,928,99351.68,0,0
HO-1054,2025-09-01,815,87253.9,0,0
HO-1054,2025-10-01,755,80830.3,0,0
HO-1054,2025-11-01,638,68304.28,0,0
HO-1054,2025-12-01,593,63486.58,0,0
HO-1054,2026-01-01,644,68946.64,0,0
HO-1054,2026-02-01,777,83185.62,0,0
HO-1054,2026-03-01,922,98709.32,0,0
HO-1054,2026-04-01,406,43466.36,0,1
HO-1054,2026-05-01,1101,117873.06,0,0
HO-1054,2026-06-01,1069,114447.14,0,0
HO-1055,2023-06-01,770,75744.9,0,0
HO-1055,2023-07-01,737,72498.69,0,0
HO-1055,2023-08-01,673,66203.01,0,0
HO-1055,2023-09-01,605,59513.85,0,0
HO-1055,2023-10-01,561,55185.57,0,0
HO-1055,2023-11-01,407,40036.59,0,0
HO-1055,2023-12-01,396,38954.52,0,0
HO-1055,2024-01-01,470,46233.9,0,0
HO-1055,2024-02-01,599,58923.63,0,0
HO-1055,2024-03-01,650,63940.5,0,0
HO-1055,2024-04-01,816,80269.92,0,0
HO-1055,2024-05-01,886,87155.82,0,0
HO-1055,2024-06-01,878,86368.86,0,0
HO-1055,2024-07-01,858,84401.46,0,0
HO-1055,2024-08-01,760,74761.2,0,0
HO-1055,2024-09-01,719,70728.03,0,0
HO-1055,2024-10-01,683,67186.71,0,0
HO-1055,2024-11-01,551,54201.87,0,0
HO-1055,2024-12-01,778,76531.86,1,0
HO-1055,2025-01-01,528,51939.36,0,0
HO-1055,2025-02-01,713,70137.81,0,0
HO-1055,2025-03-01,815,80171.55,0,0
HO-1055,2025-04-01,865,85090.05,0,0
HO-1055,2025-05-01,991,97484.67,0,0
HO-1055,2025-06-01,1014,99747.18,0,0
HO-1055,2025-07-01,922,90697.14,0,0
HO-1055,2025-08-01,918,90303.66,0,0
HO-1055,2025-09-01,810,79679.7,0,0
HO-1055,2025-10-01,760,74761.2,0,0
HO-1055,2025-11-01,865,85090.05,1,0
HO-1055,2025-12-01,619,60891.03,0,0
HO-1055,2026-01-01,668,65711.16,0,0
HO-1055,2026-02-01,762,74957.94,0,0
HO-1055,2026-03-01,879,86467.23,0,0
HO-1055,2026-04-01,1043,102599.91,0,0
HO-1055,2026-05-01,1396,137324.52,1,0
HO-1055,2026-06-01,1115,109682.55,0,0
HO-1056,2023-06-01,760,73233.6,0,0
HO-1056,2023-07-01,966,93083.76,1,0
HO-1056,2023-08-01,702,67644.72,0,0
HO-1056,2023-09-01,624,60128.64,0,0
HO-1056,2023-10-01,567,54636.12,0,0
HO-1056,2023-11-01,567,54636.12,1,0
HO-1056,2023-12-01,549,52901.64,1,0
HO-1056,2024-01-01,567,54636.12,1,0
HO-1056,2024-02-01,601,57912.36,0,0
HO-1056,2024-03-01,699,67355.64,0,0
HO-1056,2024-04-01,770,74197.2,0,0
HO-1056,2024-05-01,895,86242.2,0,0
HO-1056,2024-06-01,904,87109.44,0,0
HO-1056,2024-07-01,793,76413.48,0,0
HO-1056,2024-08-01,791,76220.76,0,0
HO-1056,2024-09-01,717,69090.12,0,0
HO-1056,2024-10-01,646,62248.56,0,0
HO-1056,2024-11-01,551,53094.36,0,0
HO-1056,2024-12-01,504,48565.44,0,0
HO-1056,2025-01-01,525,50589,0,0
HO-1056,2025-02-01,664,63983.04,0,0
HO-1056,2025-03-01,1126,108501.36,1,0
HO-1056,2025-04-01,1388,133747.68,1,0
HO-1056,2025-05-01,968,93276.48,0,0
HO-1056,2025-06-01,967,93180.12,0,0
HO-1056,2025-07-01,941,90674.76,0,0
HO-1056,2025-08-01,914,88073.04,0,0
HO-1056,2025-09-01,1118,107730.48,1,0
HO-1056,2025-10-01,757,72944.52,0,0
HO-1056,2025-11-01,659,63501.24,0,0
HO-1056,2025-12-01,607,58490.52,0,0
HO-1056,2026-01-01,696,67066.56,0,0
HO-1056,2026-02-01,773,74486.28,0,0
HO-1056,2026-03-01,931,89711.16,0,0
HO-1056,2026-04-01,1010,97323.6,0,0
HO-1056,2026-05-01,1536,148008.96,1,0
HO-1056,2026-06-01,1069,103008.84,0,0
HO-1057,2023-06-01,1077,238361.64,1,0
HO-1057,2023-07-01,735,162670.2,0,0
HO-1057,2023-08-01,652,144300.64,0,0
HO-1057,2023-09-01,652,144300.64,0,0
HO-1057,2023-10-01,532,117742.24,0,0
HO-1057,2023-11-01,400,88528,0,0
HO-1057,2023-12-01,420,92954.4,0,0
HO-1057,2024-01-01,478,105790.96,0,0
HO-1057,2024-02-01,235,52010.2,0,1
HO-1057,2024-03-01,710,157137.2,0,0
HO-1057,2024-04-01,801,177277.32,0,0
HO-1057,2024-05-01,861,190556.52,0,0
HO-1057,2024-06-01,907,200737.24,0,0
HO-1057,2024-07-01,830,183695.6,0,0
HO-1057,2024-08-01,813,179933.16,0,0
HO-1057,2024-09-01,770,170416.4,0,0
HO-1057,2024-10-01,664,146956.48,0,0
HO-1057,2024-11-01,545,120619.4,0,0
HO-1057,2024-12-01,518,114643.76,0,0
HO-1057,2025-01-01,763,168867.16,1,0
HO-1057,2025-02-01,953,210917.96,1,0
HO-1057,2025-03-01,820,181482.4,0,0
HO-1057,2025-04-01,906,200515.92,0,0
HO-1057,2025-05-01,960,212467.2,0,0
HO-1057,2025-06-01,1028,227516.96,0,0
HO-1057,2025-07-01,938,207598.16,0,0
HO-1057,2025-08-01,864,191220.48,0,0
HO-1057,2025-09-01,811,179490.52,0,0
HO-1057,2025-10-01,798,176613.36,0,0
HO-1057,2025-11-01,937,207376.84,1,0
HO-1057,2025-12-01,648,143415.36,0,0
HO-1057,2026-01-01,275,60863,0,1
HO-1057,2026-02-01,813,179933.16,0,0
HO-1057,2026-03-01,878,194318.96,0,0
HO-1057,2026-04-01,1007,222869.24,0,0
HO-1057,2026-05-01,1091,241460.12,0,0
HO-1057,2026-06-01,451,99815.32,0,1
HO-1058,2023-06-01,768,145797.12,0,0
HO-1058,2023-07-01,706,134027.04,0,0
HO-1058,2023-08-01,683,129660.72,0,0
HO-1058,2023-09-01,839,159275.76,1,0
HO-1058,2023-10-01,541,102703.44,0,0
HO-1058,2023-11-01,396,75176.64,0,0
HO-1058,2023-12-01,386,73278.24,0,0
HO-1058,2024-01-01,442,83909.28,0,0
HO-1058,2024-02-01,591,112195.44,0,0
HO-1058,2024-03-01,693,131559.12,0,0
HO-1058,2024-04-01,765,145227.6,0,0
HO-1058,2024-05-01,910,172754.4,0,0
HO-1058,2024-06-01,926,175791.84,0,0
HO-1058,2024-07-01,841,159655.44,0,0
HO-1058,2024-08-01,772,146556.48,0,0
HO-1058,2024-09-01,762,144658.08,0,0
HO-1058,2024-10-01,632,119978.88,0,0
HO-1058,2024-11-01,513,97387.92,0,0
HO-1058,2024-12-01,543,103083.12,0,0
HO-1058,2025-01-01,519,98526.96,0,0
HO-1058,2025-02-01,658,124914.72,0,0
HO-1058,2025-03-01,774,146936.16,0,0
HO-1058,2025-04-01,869,164970.96,0,0
HO-1058,2025-05-01,1021,193826.64,0,0
HO-1058,2025-06-01,1508,286278.72,1,0
HO-1058,2025-07-01,936,177690.24,0,0
HO-1058,2025-08-01,887,168388.08,0,0
HO-1058,2025-09-01,870,165160.8,0,0
HO-1058,2025-10-01,381,72329.04,1,1
HO-1058,2025-11-01,924,175412.16,1,0
HO-1058,2025-12-01,624,118460.16,0,0
HO-1058,2026-01-01,631,119789.04,0,0
HO-1058,2026-02-01,1045,198382.8,1,0
HO-1058,2026-03-01,933,177120.72,0,0
HO-1058,2026-04-01,1042,197813.28,0,0
HO-1058,2026-05-01,1072,203508.48,0,0
HO-1058,2026-06-01,1090,206925.6,0,0
HO-1059,2023-06-01,801,205288.29,0,0
HO-1059,2023-07-01,728,186579.12,0,0
HO-1059,2023-08-01,992,254239.68,1,0
HO-1059,2023-09-01,603,154542.87,0,0
HO-1059,2023-10-01,538,137884.02,0,0
HO-1059,2023-11-01,560,143522.4,1,0
HO-1059,2023-12-01,430,110204.7,0,0
HO-1059,2024-01-01,473,121225.17,0,0
HO-1059,2024-02-01,578,148135.62,0,0
HO-1059,2024-03-01,685,175558.65,0,0
HO-1059,2024-04-01,827,211951.83,0,0
HO-1059,2024-05-01,853,218615.37,0,0
HO-1059,2024-06-01,876,224510.04,0,0
HO-1059,2024-07-01,822,210670.38,0,0
HO-1059,2024-08-01,774,198368.46,0,0
HO-1059,2024-09-01,712,182478.48,0,0
HO-1059,2024-10-01,653,167357.37,0,0
HO-1059,2024-11-01,567,145316.43,0,0
HO-1059,2024-12-01,537,137627.73,0,0
HO-1059,2025-01-01,549,140703.21,0,0
HO-1059,2025-02-01,704,180428.16,0,0
HO-1059,2025-03-01,827,211951.83,0,0
HO-1059,2025-04-01,897,229892.13,0,0
HO-1059,2025-05-01,994,254752.26,0,0
HO-1059,2025-06-01,1014,259878.06,0,0
HO-1059,2025-07-01,907,232455.03,0,0
HO-1059,2025-08-01,922,236299.38,0,0
HO-1059,2025-09-01,817,209388.93,0,0
HO-1059,2025-10-01,1073,274999.17,1,0
HO-1059,2025-11-01,681,174533.49,0,0
HO-1059,2025-12-01,616,157874.64,0,0
HO-1059,2026-01-01,629,161206.41,0,0
HO-1059,2026-02-01,817,209388.93,0,0
HO-1059,2026-03-01,896,229635.84,0,0
HO-1059,2026-04-01,1018,260903.22,0,0
HO-1059,2026-05-01,603,154542.87,1,1
HO-1059,2026-06-01,1108,283969.32,0,0
SP-1060,2023-06-01,1098,43854.12,1,0
SP-1060,2023-07-01,712,28437.28,0,0
SP-1060,2023-08-01,686,27398.84,0,0
SP-1060,2023-09-01,645,25761.3,0,0
SP-1060,2023-10-01,719,28716.86,1,0
SP-1060,2023-11-01,397,15856.18,0,0
SP-1060,2023-12-01,403,16095.82,0,0
SP-1060,2024-01-01,432,17254.08,0,0
SP-1060,2024-02-01,556,22206.64,0,0
SP-1060,2024-03-01,682,27239.08,0,0
SP-1060,2024-04-01,769,30713.86,0,0
SP-1060,2024-05-01,854,34108.76,0,0
SP-1060,2024-06-01,885,35346.9,0,0
SP-1060,2024-07-01,871,34787.74,0,0
SP-1060,2024-08-01,792,31632.48,0,0
SP-1060,2024-09-01,708,28277.52,0,0
SP-1060,2024-10-01,685,27358.9,0,0
SP-1060,2024-11-01,549,21927.06,0,0
SP-1060,2024-12-01,538,21487.72,0,0
SP-1060,2025-01-01,583,23285.02,0,0
SP-1060,2025-02-01,677,27039.38,0,0
SP-1060,2025-03-01,795,31752.3,0,0
SP-1060,2025-04-01,919,36704.86,0,0
SP-1060,2025-05-01,1022,40818.68,0,0
SP-1060,2025-06-01,975,38941.5,0,0
SP-1060,2025-07-01,944,37703.36,0,0
SP-1060,2025-08-01,912,36425.28,0,0
SP-1060,2025-09-01,841,33589.54,0,0
SP-1060,2025-10-01,309,12341.46,0,1
SP-1060,2025-11-01,650,25961,0,0
SP-1060,2025-12-01,617,24642.98,0,0
SP-1060,2026-01-01,671,26799.74,0,0
SP-1060,2026-02-01,822,32830.68,0,0
SP-1060,2026-03-01,901,35985.94,0,0
SP-1060,2026-04-01,1047,41817.18,0,0
SP-1060,2026-05-01,1082,43215.08,0,0
SP-1060,2026-06-01,1131,45172.14,0,0
SP-1061,2023-06-01,771,146127.63,0,0
SP-1061,2023-07-01,729,138167.37,0,0
SP-1061,2023-08-01,681,129069.93,0,0
SP-1061,2023-09-01,632,119782.96,0,0
SP-1061,2023-10-01,551,104431.03,0,0
SP-1061,2023-11-01,438,83014.14,0,0
SP-1061,2023-12-01,421,79792.13,0,0
SP-1061,2024-01-01,422,79981.66,0,0
SP-1061,2024-02-01,624,118266.72,0,0
SP-1061,2024-03-01,683,129448.99,0,0
SP-1061,2024-04-01,838,158826.14,0,0
SP-1061,2024-05-01,886,167923.58,0,0
SP-1061,2024-06-01,869,164701.57,0,0
SP-1061,2024-07-01,827,156741.31,0,0
SP-1061,2024-08-01,806,152761.18,0,0
SP-1061,2024-09-01,742,140631.26,0,0
SP-1061,2024-10-01,676,128122.28,0,0
SP-1061,2024-11-01,523,99124.19,0,0
SP-1061,2024-12-01,511,96849.83,0,0
SP-1061,2025-01-01,567,107463.51,0,0
SP-1061,2025-02-01,693,131344.29,0,0
SP-1061,2025-03-01,795,150676.35,0,0
SP-1061,2025-04-01,934,177021.02,0,0
SP-1061,2025-05-01,1011,191614.83,0,0
SP-1061,2025-06-01,1034,195974.02,0,0
SP-1061,2025-07-01,972,184223.16,0,0
SP-1061,2025-08-01,937,177589.61,0,0
SP-1061,2025-09-01,825,156362.25,0,0
SP-1061,2025-10-01,446,84530.38,1,1
SP-1061,2025-11-01,1032,195594.96,1,0
SP-1061,2025-12-01,608,115234.24,0,0
SP-1061,2026-01-01,685,129828.05,0,0
SP-1061,2026-02-01,814,154277.42,0,0
SP-1061,2026-03-01,930,176262.9,0,0
SP-1061,2026-04-01,399,75622.47,0,1
SP-1061,2026-05-01,1091,206777.23,0,0
SP-1061,2026-06-01,1116,211515.48,0,0
SP-1062,2023-06-01,758,172225.18,0,0
SP-1062,2023-07-01,711,161546.31,0,0
SP-1062,2023-08-01,707,160637.47,0,0
SP-1062,2023-09-01,657,149276.97,0,0
SP-1062,2023-10-01,274,62255.54,1,1
SP-1062,2023-11-01,444,100881.24,0,0
SP-1062,2023-12-01,400,90884,0,0
SP-1062,2024-01-01,452,102698.92,0,0
SP-1062,2024-02-01,618,140415.78,0,0
SP-1062,2024-03-01,721,163818.41,0,0
SP-1062,2024-04-01,804,182676.84,0,0
SP-1062,2024-05-01,869,197445.49,0,0
SP-1062,2024-06-01,916,208124.36,0,0
SP-1062,2024-07-01,817,185630.57,0,0
SP-1062,2024-08-01,821,186539.41,0,0
SP-1062,2024-09-01,711,161546.31,0,0
SP-1062,2024-10-01,692,157229.32,0,0
SP-1062,2024-11-01,539,122466.19,0,0
SP-1062,2024-12-01,541,122920.61,0,0
SP-1062,2025-01-01,586,133145.06,0,0
SP-1062,2025-02-01,950,215849.5,1,0
SP-1062,2025-03-01,781,177451.01,0,0
SP-1062,2025-04-01,881,200172.01,0,0
SP-1062,2025-05-01,1480,336270.8,1,0
SP-1062,2025-06-01,1293,293782.53,1,0
SP-1062,2025-07-01,917,208351.57,0,0
SP-1062,2025-08-01,1235,280604.35,1,0
SP-1062,2025-09-01,841,191083.61,0,0
SP-1062,2025-10-01,1140,259019.4,1,0
SP-1062,2025-11-01,623,141551.83,0,0
SP-1062,2025-12-01,772,175406.12,1,0
SP-1062,2026-01-01,686,155866.06,0,0
SP-1062,2026-02-01,1185,269243.85,1,0
SP-1062,2026-03-01,928,210850.88,0,0
SP-1062,2026-04-01,1049,238343.29,0,0
SP-1062,2026-05-01,1513,343768.73,1,0
SP-1062,2026-06-01,1109,251975.89,0,0
SP-1063,2023-06-01,775,110902.5,0,0
SP-1063,2023-07-01,739,105750.9,0,0
SP-1063,2023-08-01,707,101171.7,0,0
SP-1063,2023-09-01,603,86289.3,0,0
SP-1063,2023-10-01,559,79992.9,0,0
SP-1063,2023-11-01,453,64824.3,0,0
SP-1063,2023-12-01,385,55093.5,0,0
SP-1063,2024-01-01,453,64824.3,0,0
SP-1063,2024-02-01,593,84858.3,0,0
SP-1063,2024-03-01,695,99454.5,0,0
SP-1063,2024-04-01,821,117485.1,0,0
SP-1063,2024-05-01,903,129219.3,0,0
SP-1063,2024-06-01,938,134227.8,0,0
SP-1063,2024-07-01,1233,176442.3,1,0
SP-1063,2024-08-01,788,112762.8,0,0
SP-1063,2024-09-01,764,109328.4,0,0
SP-1063,2024-10-01,683,97737.3,0,0
SP-1063,2024-11-01,554,79277.4,0,0
SP-1063,2024-12-01,508,72694.8,0,0
SP-1063,2025-01-01,555,79420.5,0,0
SP-1063,2025-02-01,717,102602.7,0,0
SP-1063,2025-03-01,821,117485.1,0,0
SP-1063,2025-04-01,926,132510.6,0,0
SP-1063,2025-05-01,971,138950.1,0,0
SP-1063,2025-06-01,1004,143672.4,0,0
SP-1063,2025-07-01,975,139522.5,0,0
SP-1063,2025-08-01,927,132653.7,0,0
SP-1063,2025-09-01,1301,186173.1,1,0
SP-1063,2025-10-01,1071,153260.1,1,0
SP-1063,2025-11-01,619,88578.9,0,0
SP-1063,2025-12-01,598,85573.8,0,0
SP-1063,2026-01-01,643,92013.3,0,0
SP-1063,2026-02-01,822,117628.2,0,0
SP-1063,2026-03-01,881,126071.1,0,0
SP-1063,2026-04-01,1004,143672.4,0,0
SP-1063,2026-05-01,1137,162704.7,0,0
SP-1063,2026-06-01,1094,156551.4,0,0
SP-1064,2023-06-01,807,71597.04,0,0
SP-1064,2023-07-01,751,66628.72,0,0
SP-1064,2023-08-01,720,63878.4,0,0
SP-1064,2023-09-01,876,77718.72,1,0
SP-1064,2023-10-01,551,48884.72,0,0
SP-1064,2023-11-01,466,41343.52,0,0
SP-1064,2023-12-01,548,48618.56,1,0
SP-1064,2024-01-01,448,39746.56,0,0
SP-1064,2024-02-01,613,54385.36,0,0
SP-1064,2024-03-01,665,58998.8,0,0
SP-1064,2024-04-01,771,68403.12,0,0
SP-1064,2024-05-01,909,80646.48,0,0
SP-1064,2024-06-01,931,82598.32,0,0
SP-1064,2024-07-01,1279,113472.88,1,0
SP-1064,2024-08-01,796,70621.12,0,0
SP-1064,2024-09-01,737,65386.64,0,0
SP-1064,2024-10-01,897,79581.84,1,0
SP-1064,2024-11-01,217,19252.24,0,1
SP-1064,2024-12-01,510,45247.2,0,0
SP-1064,2025-01-01,531,47110.32,0,0
SP-1064,2025-02-01,692,61394.24,0,0
SP-1064,2025-03-01,781,69290.32,0,0
SP-1064,2025-04-01,928,82332.16,0,0
SP-1064,2025-05-01,541,47997.52,1,1
SP-1064,2025-06-01,398,35310.56,0,1
SP-1064,2025-07-01,958,84993.76,0,0
SP-1064,2025-08-01,896,79493.12,0,0
SP-1064,2025-09-01,865,76742.8,0,0
SP-1064,2025-10-01,781,69290.32,0,0
SP-1064,2025-11-01,620,55006.4,0,0
SP-1064,2025-12-01,655,58111.6,0,0
SP-1064,2026-01-01,658,58377.76,0,0
SP-1064,2026-02-01,837,74258.64,0,0
SP-1064,2026-03-01,365,32382.8,0,1
SP-1064,2026-04-01,1055,93599.6,0,0
SP-1064,2026-05-01,1089,96616.08,0,0
SP-1064,2026-06-01,1149,101939.28,0,0
SP-1065,2023-06-01,792,111450.24,0,0
SP-1065,2023-07-01,758,106665.76,0,0
SP-1065,2023-08-01,666,93719.52,0,0
SP-1065,2023-09-01,616,86683.52,0,0
SP-1065,2023-10-01,812,114264.64,1,0
SP-1065,2023-11-01,428,60228.16,0,0
SP-1065,2023-12-01,417,58680.24,0,0
SP-1065,2024-01-01,452,63605.44,0,0
SP-1065,2024-02-01,599,84291.28,0,0
SP-1065,2024-03-01,671,94423.12,0,0
SP-1065,2024-04-01,806,113420.32,0,0
SP-1065,2024-05-01,932,131151.04,0,0
SP-1065,2024-06-01,929,130728.88,0,0
SP-1065,2024-07-01,1241,174633.52,1,0
SP-1065,2024-08-01,796,112013.12,0,0
SP-1065,2024-09-01,722,101599.84,0,0
SP-1065,2024-10-01,850,119612,1,0
SP-1065,2024-11-01,545,76692.4,0,0
SP-1065,2024-12-01,501,70500.72,0,0
SP-1065,2025-01-01,552,77677.44,0,0
SP-1065,2025-02-01,670,94282.4,0,0
SP-1065,2025-03-01,833,117219.76,0,0
SP-1065,2025-04-01,953,134106.16,0,0
SP-1065,2025-05-01,995,140016.4,0,0
SP-1065,2025-06-01,394,55443.68,0,1
SP-1065,2025-07-01,1409,198274.48,1,0
SP-1065,2025-08-01,921,129603.12,0,0
SP-1065,2025-09-01,889,125100.08,0,0
SP-1065,2025-10-01,787,110746.64,0,0
SP-1065,2025-11-01,640,90060.8,0,0
SP-1065,2025-12-01,942,132558.24,1,0
SP-1065,2026-01-01,688,96815.36,0,0
SP-1065,2026-02-01,831,116938.32,0,0
SP-1065,2026-03-01,891,125381.52,0,0
SP-1065,2026-04-01,1006,141564.32,0,0
SP-1065,2026-05-01,1115,156902.8,0,0
SP-1065,2026-06-01,1094,153947.68,0,0
SP-1066,2023-06-01,794,124824.74,0,0
SP-1066,2023-07-01,746,117278.66,0,0
SP-1066,2023-08-01,690,108474.9,0,0
SP-1066,2023-09-01,618,97155.78,0,0
SP-1066,2023-10-01,584,91810.64,0,0
SP-1066,2023-11-01,473,74360.33,0,0
SP-1066,2023-12-01,413,64927.73,0,0
SP-1066,2024-01-01,568,89295.28,1,0
SP-1066,2024-02-01,613,96369.73,0,0
SP-1066,2024-03-01,673,105802.33,0,0
SP-1066,2024-04-01,1083,170258.43,1,0
SP-1066,2024-05-01,906,142432.26,0,0
SP-1066,2024-06-01,933,146676.93,0,0
SP-1066,2024-07-01,859,135043.39,0,0
SP-1066,2024-08-01,838,131741.98,0,0
SP-1066,2024-09-01,1015,159568.15,1,0
SP-1066,2024-10-01,879,138187.59,1,0
SP-1066,2024-11-01,545,85679.45,0,0
SP-1066,2024-12-01,511,80334.31,0,0
SP-1066,2025-01-01,596,93697.16,0,0
SP-1066,2025-02-01,685,107688.85,0,0
SP-1066,2025-03-01,773,121523.33,0,0
SP-1066,2025-04-01,898,141174.58,0,0
SP-1066,2025-05-01,979,153908.59,0,0
SP-1066,2025-06-01,1038,163183.98,0,0
SP-1066,2025-07-01,937,147305.77,0,0
SP-1066,2025-08-01,883,138816.43,0,0
SP-1066,2025-09-01,852,133942.92,0,0
SP-1066,2025-10-01,809,127182.89,0,0
SP-1066,2025-11-01,693,108946.53,0,0
SP-1066,2025-12-01,637,100142.77,0,0
SP-1066,2026-01-01,655,102972.55,0,0
SP-1066,2026-02-01,784,123252.64,0,0
SP-1066,2026-03-01,945,148563.45,0,0
SP-1066,2026-04-01,1030,161926.3,0,0
SP-1066,2026-05-01,1412,221980.52,1,0
SP-1066,2026-06-01,1158,182049.18,0,0
SP-1067,2023-06-01,815,177808.55,0,0
SP-1067,2023-07-01,710,154900.7,0,0
SP-1067,2023-08-01,689,150319.13,0,0
SP-1067,2023-09-01,633,138101.61,0,0
SP-1067,2023-10-01,831,181299.27,1,0
SP-1067,2023-11-01,407,88795.19,0,0
SP-1067,2023-12-01,394,85958.98,0,0
SP-1067,2024-01-01,184,40143.28,0,1
SP-1067,2024-02-01,605,131992.85,0,0
SP-1067,2024-03-01,671,146392.07,0,0
SP-1067,2024-04-01,785,171263.45,0,0
SP-1067,2024-05-01,1257,274239.69,1,0
SP-1067,2024-06-01,927,202243.59,0,0
SP-1067,2024-07-01,809,176499.53,0,0
SP-1067,2024-08-01,796,173663.32,0,0
SP-1067,2024-09-01,750,163627.5,0,0
SP-1067,2024-10-01,948,206825.16,1,0
SP-1067,2024-11-01,531,115848.27,0,0
SP-1067,2024-12-01,508,110830.36,0,0
SP-1067,2025-01-01,600,130902,0,0
SP-1067,2025-02-01,732,159700.44,0,0
SP-1067,2025-03-01,818,178463.06,0,0
SP-1067,2025-04-01,924,201589.08,0,0
SP-1067,2025-05-01,1039,226678.63,0,0
SP-1067,2025-06-01,1006,219479.02,0,0
SP-1067,2025-07-01,957,208788.69,0,0
SP-1067,2025-08-01,917,200061.89,0,0
SP-1067,2025-09-01,1174,256131.58,1,0
SP-1067,2025-10-01,785,171263.45,0,0
SP-1067,2025-11-01,668,145737.56,0,0
SP-1067,2025-12-01,624,136138.08,0,0
SP-1067,2026-01-01,660,143992.2,0,0
SP-1067,2026-02-01,843,183917.31,0,0
SP-1067,2026-03-01,903,197007.51,0,0
SP-1067,2026-04-01,1049,228860.33,0,0
SP-1067,2026-05-01,1125,245441.25,0,0
SP-1067,2026-06-01,1151,251113.67,0,0
SP-1068,2023-06-01,816,123150.72,0,0
SP-1068,2023-07-01,1076,162389.92,1,0
SP-1068,2023-08-01,674,101720.08,0,0
SP-1068,2023-09-01,653,98550.76,0,0
SP-1068,2023-10-01,209,31542.28,0,1
SP-1068,2023-11-01,623,94023.16,1,0
SP-1068,2023-12-01,432,65197.44,0,0
SP-1068,2024-01-01,440,66404.8,0,0
SP-1068,2024-02-01,583,87986.36,0,0
SP-1068,2024-03-01,676,102021.92,0,0
SP-1068,2024-04-01,815,122999.8,0,0
SP-1068,2024-05-01,1393,210231.56,1,0
SP-1068,2024-06-01,897,135375.24,0,0
SP-1068,2024-07-01,868,130998.56,0,0
SP-1068,2024-08-01,842,127074.64,0,0
SP-1068,2024-09-01,729,110020.68,0,0
SP-1068,2024-10-01,652,98399.84,0,0
SP-1068,2024-11-01,678,102323.76,1,0
SP-1068,2024-12-01,556,83911.52,0,0
SP-1068,2025-01-01,546,82402.32,0,0
SP-1068,2025-02-01,903,136280.76,1,0
SP-1068,2025-03-01,817,123301.64,0,0
SP-1068,2025-04-01,903,136280.76,0,0
SP-1068,2025-05-01,1013,152881.96,0,0
SP-1068,2025-06-01,1039,156805.88,0,0
SP-1068,2025-07-01,985,148656.2,0,0
SP-1068,2025-08-01,912,137639.04,0,0
SP-1068,2025-09-01,859,129640.28,0,0
SP-1068,2025-10-01,812,122547.04,0,0
SP-1068,2025-11-01,250,37730,0,1
SP-1068,2025-12-01,848,127980.16,1,0
SP-1068,2026-01-01,685,103380.2,0,0
SP-1068,2026-02-01,836,126169.12,0,0
SP-1068,2026-03-01,913,137789.96,0,0
SP-1068,2026-04-01,1043,157409.56,0,0
SP-1068,2026-05-01,1147,173105.24,0,0
SP-1068,2026-06-01,1700,256564,1,0
SP-1069,2023-06-01,789,132449.43,0,0
SP-1069,2023-07-01,751,126070.37,0,0
SP-1069,2023-08-01,707,118684.09,0,0
SP-1069,2023-09-01,674,113144.38,0,0
SP-1069,2023-10-01,577,96860.99,0,0
SP-1069,2023-11-01,454,76212.98,0,0
SP-1069,2023-12-01,442,74198.54,0,0
SP-1069,2024-01-01,459,77052.33,0,0
SP-1069,2024-02-01,567,95182.29,0,0
SP-1069,2024-03-01,700,117509,0,0
SP-1069,2024-04-01,837,140507.19,0,0
SP-1069,2024-05-01,1254,210508.98,1,0
SP-1069,2024-06-01,927,155615.49,0,0
SP-1069,2024-07-01,843,141514.41,0,0
SP-1069,2024-08-01,836,140339.32,0,0
SP-1069,2024-09-01,1011,169716.57,1,0
SP-1069,2024-10-01,701,117676.87,0,0
SP-1069,2024-11-01,534,89642.58,0,0
SP-1069,2024-12-01,529,88803.23,0,0
SP-1069,2025-01-01,581,97532.47,0,0
SP-1069,2025-02-01,728,122209.36,0,0
SP-1069,2025-03-01,845,141850.15,0,0
SP-1069,2025-04-01,957,160651.59,0,0
SP-1069,2025-05-01,1042,174920.54,0,0
SP-1069,2025-06-01,402,67483.74,0,1
SP-1069,2025-07-01,949,159308.63,0,0
SP-1069,2025-08-01,939,157629.93,0,0
SP-1069,2025-09-01,873,146550.51,0,0
SP-1069,2025-10-01,1121,188182.27,1,0
SP-1069,2025-11-01,672,112808.64,0,0
SP-1069,2025-12-01,892,149740.04,1,0
SP-1069,2026-01-01,708,118851.96,0,0
SP-1069,2026-02-01,801,134463.87,0,0
SP-1069,2026-03-01,890,149404.3,0,0
SP-1069,2026-04-01,1042,174920.54,0,0
SP-1069,2026-05-01,1143,191875.41,0,0
SP-1069,2026-06-01,1713,287561.31,1,0
SP-1070,2023-06-01,777,134568.63,0,0
SP-1070,2023-07-01,714,123657.66,0,0
SP-1070,2023-08-01,665,115171.35,0,0
SP-1070,2023-09-01,654,113266.26,0,0
SP-1070,2023-10-01,849,147038.31,1,0
SP-1070,2023-11-01,615,106511.85,1,0
SP-1070,2023-12-01,409,70834.71,0,0
SP-1070,2024-01-01,418,72393.42,0,0
SP-1070,2024-02-01,864,149636.16,1,0
SP-1070,2024-03-01,663,114824.97,0,0
SP-1070,2024-04-01,770,133356.3,0,0
SP-1070,2024-05-01,915,158468.85,0,0
SP-1070,2024-06-01,896,155178.24,0,0
SP-1070,2024-07-01,810,140283.9,0,0
SP-1070,2024-08-01,1126,195011.94,1,0
SP-1070,2024-09-01,712,123311.28,0,0
SP-1070,2024-10-01,693,120020.67,0,0
SP-1070,2024-11-01,744,128853.36,1,0
SP-1070,2024-12-01,544,94215.36,0,0
SP-1070,2025-01-01,528,91444.32,0,0
SP-1070,2025-02-01,667,115517.73,0,0
SP-1070,2025-03-01,816,141323.04,0,0
SP-1070,2025-04-01,896,155178.24,0,0
SP-1070,2025-05-01,996,172497.24,0,0
SP-1070,2025-06-01,1002,173536.38,0,0
SP-1070,2025-07-01,953,165050.07,0,0
SP-1070,2025-08-01,873,151194.87,0,0
SP-1070,2025-09-01,833,144267.27,0,0
SP-1070,2025-10-01,794,137512.86,0,0
SP-1070,2025-11-01,635,109975.65,0,0
SP-1070,2025-12-01,639,110668.41,0,0
SP-1070,2026-01-01,669,115864.11,0,0
SP-1070,2026-02-01,788,136473.72,0,0
SP-1070,2026-03-01,899,155697.81,0,0
SP-1070,2026-04-01,1017,176134.23,0,0
SP-1070,2026-05-01,1125,194838.75,0,0
SP-1070,2026-06-01,1129,195531.51,0,0
SP-1071,2023-06-01,813,30333.03,0,0
SP-1071,2023-07-01,765,28542.15,0,0
SP-1071,2023-08-01,689,25706.59,0,0
SP-1071,2023-09-01,610,22759.1,0,0
SP-1071,2023-10-01,543,20259.33,0,0
SP-1071,2023-11-01,541,20184.71,1,0
SP-1071,2023-12-01,534,19923.54,1,0
SP-1071,2024-01-01,487,18169.97,0,0
SP-1071,2024-02-01,617,23020.27,0,0
SP-1071,2024-03-01,683,25482.73,0,0
SP-1071,2024-04-01,779,29064.49,0,0
SP-1071,2024-05-01,909,33914.79,0,0
SP-1071,2024-06-01,876,32683.56,0,0
SP-1071,2024-07-01,812,30295.72,0,0
SP-1071,2024-08-01,811,30258.41,0,0
SP-1071,2024-09-01,946,35295.26,1,0
SP-1071,2024-10-01,644,24027.64,0,0
SP-1071,2024-11-01,532,19848.92,0,0
SP-1071,2024-12-01,673,25109.63,1,0
SP-1071,2025-01-01,536,19998.16,0,0
SP-1071,2025-02-01,901,33616.31,1,0
SP-1071,2025-03-01,836,31191.16,0,0
SP-1071,2025-04-01,920,34325.2,0,0
SP-1071,2025-05-01,1294,48279.14,1,0
SP-1071,2025-06-01,1041,38839.71,0,0
SP-1071,2025-07-01,957,35705.67,0,0
SP-1071,2025-08-01,912,34026.72,0,0
SP-1071,2025-09-01,848,31638.88,0,0
SP-1071,2025-10-01,759,28318.29,0,0
SP-1071,2025-11-01,623,23244.13,0,0
SP-1071,2025-12-01,633,23617.23,0,0
SP-1071,2026-01-01,694,25893.14,0,0
SP-1071,2026-02-01,804,29997.24,0,0
SP-1071,2026-03-01,905,33765.55,0,0
SP-1071,2026-04-01,1028,38354.68,0,0
SP-1071,2026-05-01,1118,41712.58,0,0
SP-1071,2026-06-01,1132,42234.92,0,0
SP-1072,2023-06-01,817,222632.5,0,0
SP-1072,2023-07-01,738,201105,0,0
SP-1072,2023-08-01,681,185572.5,0,0
SP-1072,2023-09-01,631,171947.5,0,0
SP-1072,2023-10-01,572,155870,0,0
SP-1072,2023-11-01,630,171675,1,0
SP-1072,2023-12-01,401,109272.5,0,0
SP-1072,2024-01-01,453,123442.5,0,0
SP-1072,2024-02-01,606,165135,0,0
SP-1072,2024-03-01,663,180667.5,0,0
SP-1072,2024-04-01,790,215275,0,0
SP-1072,2024-05-01,887,241707.5,0,0
SP-1072,2024-06-01,901,245522.5,0,0
SP-1072,2024-07-01,832,226720,0,0
SP-1072,2024-08-01,812,221270,0,0
SP-1072,2024-09-01,735,200287.5,0,0
SP-1072,2024-10-01,701,191022.5,0,0
SP-1072,2024-11-01,526,143335,0,0
SP-1072,2024-12-01,498,135705,0,0
SP-1072,2025-01-01,585,159412.5,0,0
SP-1072,2025-02-01,684,186390,0,0
SP-1072,2025-03-01,801,218272.5,0,0
SP-1072,2025-04-01,1296,353160,1,0
SP-1072,2025-05-01,976,265960,0,0
SP-1072,2025-06-01,1030,280675,0,0
SP-1072,2025-07-01,968,263780,0,0
SP-1072,2025-08-01,554,150965,1,1
SP-1072,2025-09-01,832,226720,0,0
SP-1072,2025-10-01,738,201105,0,0
SP-1072,2025-11-01,650,177125,0,0
SP-1072,2025-12-01,915,249337.5,1,0
SP-1072,2026-01-01,689,187752.5,0,0
SP-1072,2026-02-01,812,221270,0,0
SP-1072,2026-03-01,943,256967.5,0,0
SP-1072,2026-04-01,996,271410,0,0
SP-1072,2026-05-01,1094,298115,0,0
SP-1072,2026-06-01,1117,304382.5,0,0
SP-1073,2023-06-01,758,138312.26,0,0
SP-1073,2023-07-01,748,136487.56,0,0
SP-1073,2023-08-01,683,124627.01,0,0
SP-1073,2023-09-01,609,111124.23,0,0
SP-1073,2023-10-01,561,102365.67,0,0
SP-1073,2023-11-01,400,72988,0,0
SP-1073,2023-12-01,660,120430.2,1,0
SP-1073,2024-01-01,480,87585.6,0,0
SP-1073,2024-02-01,587,107109.89,0,0
SP-1073,2024-03-01,681,124262.07,0,0
SP-1073,2024-04-01,794,144881.18,0,0
SP-1073,2024-05-01,874,159478.78,0,0
SP-1073,2024-06-01,874,159478.78,0,0
SP-1073,2024-07-01,841,153457.27,0,0
SP-1073,2024-08-01,767,139954.49,0,0
SP-1073,2024-09-01,723,131925.81,0,0
SP-1073,2024-10-01,683,124627.01,0,0
SP-1073,2024-11-01,526,95979.22,0,0
SP-1073,2024-12-01,505,92147.35,0,0
SP-1073,2025-01-01,573,104555.31,0,0
SP-1073,2025-02-01,735,134115.45,0,0
SP-1073,2025-03-01,798,145611.06,0,0
SP-1073,2025-04-01,923,168419.81,0,0
SP-1073,2025-05-01,1021,186301.87,0,0
SP-1073,2025-06-01,1021,186301.87,0,0
SP-1073,2025-07-01,958,174806.26,0,0
SP-1073,2025-08-01,1368,249618.96,1,0
SP-1073,2025-09-01,834,152179.98,0,0
SP-1073,2025-10-01,745,135940.15,0,0
SP-1073,2025-11-01,627,114408.69,0,0
SP-1073,2025-12-01,639,116598.33,0,0
SP-1073,2026-01-01,636,116050.92,0,0
SP-1073,2026-02-01,1215,221701.05,1,0
SP-1073,2026-03-01,888,162033.36,0,0
SP-1073,2026-04-01,1058,193053.26,0,0
SP-1073,2026-05-01,1106,201811.82,0,0
SP-1073,2026-06-01,1125,205278.75,0,0
SP-1074,2023-06-01,822,98294.76,0,0
SP-1074,2023-07-01,969,115873.02,1,0
SP-1074,2023-08-01,664,79401.12,0,0
SP-1074,2023-09-01,658,78683.64,0,0
SP-1074,2023-10-01,584,69834.72,0,0
SP-1074,2023-11-01,600,71748,1,0
SP-1074,2023-12-01,424,50701.92,0,0
SP-1074,2024-01-01,448,53571.84,0,0
SP-1074,2024-02-01,600,71748,0,0
SP-1074,2024-03-01,680,81314.4,0,0
SP-1074,2024-04-01,828,99012.24,0,0
SP-1074,2024-05-01,1289,154138.62,1,0
SP-1074,2024-06-01,922,110252.76,0,0
SP-1074,2024-07-01,823,98414.34,0,0
SP-1074,2024-08-01,787,94109.46,0,0
SP-1074,2024-09-01,730,87293.4,0,0
SP-1074,2024-10-01,879,105110.82,1,0
SP-1074,2024-11-01,574,68638.92,0,0
SP-1074,2024-12-01,731,87412.98,1,0
SP-1074,2025-01-01,582,69595.56,0,0
SP-1074,2025-02-01,686,82031.88,0,0
SP-1074,2025-03-01,826,98773.08,0,0
SP-1074,2025-04-01,955,114198.9,0,0
SP-1074,2025-05-01,416,49745.28,0,1
SP-1074,2025-06-01,996,119101.68,0,0
SP-1074,2025-07-01,945,113003.1,0,0
SP-1074,2025-08-01,889,106306.62,0,0
SP-1074,2025-09-01,895,107024.1,0,0
SP-1074,2025-10-01,751,89804.58,0,0
SP-1074,2025-11-01,668,79879.44,0,0
SP-1074,2025-12-01,597,71389.26,0,0
SP-1074,2026-01-01,706,84423.48,0,0
SP-1074,2026-02-01,785,93870.3,0,0
SP-1074,2026-03-01,947,113242.26,0,0
SP-1074,2026-04-01,1026,122689.08,0,0
SP-1074,2026-05-01,1086,129863.88,0,0
SP-1074,2026-06-01,1695,202688.1,1,0
AU-1075,2023-06-01,811,32139.93,0,0
AU-1075,2023-07-01,709,28097.67,0,0
AU-1075,2023-08-01,273,10818.99,0,1
AU-1075,2023-09-01,638,25283.94,0,0
AU-1075,2023-10-01,541,21439.83,0,0
AU-1075,2023-11-01,422,16723.86,0,0
AU-1075,2023-12-01,214,8480.82,1,1
AU-1075,2024-01-01,414,16406.82,0,0
AU-1075,2024-02-01,225,8916.75,0,1
AU-1075,2024-03-01,652,25838.76,0,0
AU-1075,2024-04-01,778,30832.14,0,0
AU-1075,2024-05-01,1319,52271.97,1,0
AU-1075,2024-06-01,904,35825.52,0,0
AU-1075,2024-07-01,791,31347.33,0,0
AU-1075,2024-08-01,768,30435.84,0,0
AU-1075,2024-09-01,704,27899.52,0,0
AU-1075,2024-10-01,686,27186.18,0,0
AU-1075,2024-11-01,509,20171.67,0,0
AU-1075,2024-12-01,733,29048.79,1,0
AU-1075,2025-01-01,791,31347.33,1,0
AU-1075,2025-02-01,705,27939.15,0,0
AU-1075,2025-03-01,1107,43870.41,1,0
AU-1075,2025-04-01,885,35072.55,0,0
AU-1075,2025-05-01,964,38203.32,0,0
AU-1075,2025-06-01,995,39431.85,0,0
AU-1075,2025-07-01,901,35706.63,0,0
AU-1075,2025-08-01,918,36380.34,0,0
AU-1075,2025-09-01,323,12800.49,0,1
AU-1075,2025-10-01,761,30158.43,0,0
AU-1075,2025-11-01,668,26472.84,0,0
AU-1075,2025-12-01,850,33685.5,1,0
AU-1075,2026-01-01,625,24768.75,0,0
AU-1075,2026-02-01,784,31069.92,0,0
AU-1075,2026-03-01,886,35112.18,0,0
AU-1075,2026-04-01,996,39471.48,0,0
AU-1075,2026-05-01,1107,43870.41,0,0
AU-1075,2026-06-01,1091,43236.33,0,0
AU-1076,2023-06-01,808,199745.68,0,0
AU-1076,2023-07-01,694,171563.74,0,0
AU-1076,2023-08-01,717,177249.57,0,0
AU-1076,2023-09-01,856,211611.76,1,0
AU-1076,2023-10-01,579,143134.59,0,0
AU-1076,2023-11-01,395,97647.95,0,0
AU-1076,2023-12-01,382,94434.22,0,0
AU-1076,2024-01-01,460,113716.6,0,0
AU-1076,2024-02-01,243,60072.03,0,1
AU-1076,2024-03-01,675,166866.75,0,0
AU-1076,2024-04-01,316,78118.36,0,1
AU-1076,2024-05-01,861,212847.81,0,0
AU-1076,2024-06-01,859,212353.39,0,0
AU-1076,2024-07-01,838,207161.98,0,0
AU-1076,2024-08-01,798,197273.58,0,0
AU-1076,2024-09-01,762,188374.02,0,0
AU-1076,2024-10-01,655,161922.55,0,0
AU-1076,2024-11-01,563,139179.23,0,0
AU-1076,2024-12-01,280,69218.8,1,1
AU-1076,2025-01-01,583,144123.43,0,0
AU-1076,2025-02-01,719,177743.99,0,0
AU-1076,2025-03-01,812,200734.52,0,0
AU-1076,2025-04-01,885,218780.85,0,0
AU-1076,2025-05-01,960,237321.6,0,0
AU-1076,2025-06-01,993,245479.53,0,0
AU-1076,2025-07-01,934,230894.14,0,0
AU-1076,2025-08-01,875,216308.75,0,0
AU-1076,2025-09-01,847,209386.87,0,0
AU-1076,2025-10-01,439,108525.19,1,1
AU-1076,2025-11-01,667,164889.07,0,0
AU-1076,2025-12-01,616,152281.36,0,0
AU-1076,2026-01-01,647,159944.87,0,0
AU-1076,2026-02-01,807,199498.47,0,0
AU-1076,2026-03-01,1190,294179.9,1,0
AU-1076,2026-04-01,1042,257592.82,0,0
AU-1076,2026-05-01,1075,265750.75,0,0
AU-1076,2026-06-01,1122,277369.62,0,0
AU-1077,2023-06-01,787,122276.19,0,0
AU-1077,2023-07-01,755,117304.35,0,0
AU-1077,2023-08-01,1043,162050.91,1,0
AU-1077,2023-09-01,617,95863.29,0,0
AU-1077,2023-10-01,577,89648.49,0,0
AU-1077,2023-11-01,421,65410.77,0,0
AU-1077,2023-12-01,609,94620.33,1,0
AU-1077,2024-01-01,461,71625.57,0,0
AU-1077,2024-02-01,575,89337.75,0,0
AU-1077,2024-03-01,649,100835.13,0,0
AU-1077,2024-04-01,780,121188.6,0,0
AU-1077,2024-05-01,1313,204000.81,1,0
AU-1077,2024-06-01,926,143872.62,0,0
AU-1077,2024-07-01,809,125694.33,0,0
AU-1077,2024-08-01,1218,189240.66,1,0
AU-1077,2024-09-01,992,154127.04,1,0
AU-1077,2024-10-01,633,98349.21,0,0
AU-1077,2024-11-01,509,79083.33,0,0
AU-1077,2024-12-01,515,80015.55,0,0
AU-1077,2025-01-01,562,87317.94,0,0
AU-1077,2025-02-01,716,111244.92,0,0
AU-1077,2025-03-01,777,120722.49,0,0
AU-1077,2025-04-01,889,138123.93,0,0
AU-1077,2025-05-01,980,152262.6,0,0
AU-1077,2025-06-01,964,149776.68,0,0
AU-1077,2025-07-01,907,140920.59,0,0
AU-1077,2025-08-01,884,137347.08,0,0
AU-1077,2025-09-01,1158,179918.46,1,0
AU-1077,2025-10-01,781,121343.97,0,0
AU-1077,2025-11-01,646,100369.02,0,0
AU-1077,2025-12-01,903,140299.11,1,0
AU-1077,2026-01-01,638,99126.06,0,0
AU-1077,2026-02-01,795,123519.15,0,0
AU-1077,2026-03-01,926,143872.62,0,0
AU-1077,2026-04-01,1026,159409.62,0,0
AU-1077,2026-05-01,1414,219693.18,1,0
AU-1077,2026-06-01,1083,168265.71,0,0
AU-1078,2023-06-01,783,119149.11,0,0
AU-1078,2023-07-01,708,107736.36,0,0
AU-1078,2023-08-01,696,105910.32,0,0
AU-1078,2023-09-01,772,117475.24,1,0
AU-1078,2023-10-01,664,101040.88,1,0
AU-1078,2023-11-01,438,66650.46,0,0
AU-1078,2023-12-01,386,58737.62,0,0
AU-1078,2024-01-01,662,100736.54,1,0
AU-1078,2024-02-01,575,87497.75,0,0
AU-1078,2024-03-01,869,132235.73,1,0
AU-1078,2024-04-01,832,126605.44,0,0
AU-1078,2024-05-01,906,137866.02,0,0
AU-1078,2024-06-01,857,130409.69,0,0
AU-1078,2024-07-01,846,128735.82,0,0
AU-1078,2024-08-01,808,122953.36,0,0
AU-1078,2024-09-01,974,148213.58,1,0
AU-1078,2024-10-01,909,138322.53,1,0
AU-1078,2024-11-01,530,80650.1,0,0
AU-1078,2024-12-01,514,78215.38,0,0
AU-1078,2025-01-01,209,31803.53,0,1
AU-1078,2025-02-01,702,106823.34,0,0
AU-1078,2025-03-01,826,125692.42,0,0
AU-1078,2025-04-01,924,140605.08,0,0
AU-1078,2025-05-01,994,151256.98,0,0
AU-1078,2025-06-01,1020,155213.4,0,0
AU-1078,2025-07-01,965,146844.05,0,0
AU-1078,2025-08-01,938,142735.46,0,0
AU-1078,2025-09-01,877,133453.09,0,0
AU-1078,2025-10-01,790,120214.3,0,0
AU-1078,2025-11-01,680,103475.6,0,0
AU-1078,2025-12-01,619,94193.23,0,0
AU-1078,2026-01-01,700,106519,0,0
AU-1078,2026-02-01,769,117018.73,0,0
AU-1078,2026-03-01,891,135583.47,0,0
AU-1078,2026-04-01,986,150039.62,0,0
AU-1078,2026-05-01,1513,230233.21,1,0
AU-1078,2026-06-01,1084,164952.28,0,0
AU-1079,2023-06-01,776,151692.48,0,0
AU-1079,2023-07-01,972,190006.56,1,0
AU-1079,2023-08-01,698,136445.04,0,0
AU-1079,2023-09-01,653,127648.44,0,0
AU-1079,2023-10-01,567,110837.16,0,0
AU-1079,2023-11-01,423,82688.04,0,0
AU-1079,2023-12-01,377,73695.96,0,0
AU-1079,2024-01-01,459,89725.32,0,0
AU-1079,2024-02-01,573,112010.04,0,0
AU-1079,2024-03-01,715,139768.2,0,0
AU-1079,2024-04-01,765,149542.2,0,0
AU-1079,2024-05-01,881,172217.88,0,0
AU-1079,2024-06-01,911,178082.28,0,0
AU-1079,2024-07-01,862,168503.76,0,0
AU-1079,2024-08-01,797,155797.56,0,0
AU-1079,2024-09-01,725,141723,0,0
AU-1079,2024-10-01,627,122565.96,0,0
AU-1079,2024-11-01,566,110641.68,0,0
AU-1079,2024-12-01,548,107123.04,0,0
AU-1079,2025-01-01,544,106341.12,0,0
AU-1079,2025-02-01,688,134490.24,0,0
AU-1079,2025-03-01,785,153451.8,0,0
AU-1079,2025-04-01,882,172413.36,0,0
AU-1079,2025-05-01,1017,198803.16,0,0
AU-1079,2025-06-01,987,192938.76,0,0
AU-1079,2025-07-01,941,183946.68,0,0
AU-1079,2025-08-01,898,175541.04,0,0
AU-1079,2025-09-01,871,170263.08,0,0
AU-1079,2025-10-01,784,153256.32,0,0
AU-1079,2025-11-01,669,130776.12,0,0
AU-1079,2025-12-01,941,183946.68,1,0
AU-1079,2026-01-01,675,131949,0,0
AU-1079,2026-02-01,839,164007.72,0,0
AU-1079,2026-03-01,871,170263.08,0,0
AU-1079,2026-04-01,1050,205254,0,0
AU-1079,2026-05-01,1067,208577.16,0,0
AU-1079,2026-06-01,1146,224020.08,0,0
AU-1080,2023-06-01,1113,51131.22,1,0
AU-1080,2023-07-01,692,31790.48,0,0
AU-1080,2023-08-01,697,32020.18,0,0
AU-1080,2023-09-01,652,29952.88,0,0
AU-1080,2023-10-01,533,24486.02,0,0
AU-1080,2023-11-01,432,19846.08,0,0
AU-1080,2023-12-01,430,19754.2,0,0
AU-1080,2024-01-01,426,19570.44,0,0
AU-1080,2024-02-01,590,27104.6,0,0
AU-1080,2024-03-01,644,29585.36,0,0
AU-1080,2024-04-01,1265,58114.1,1,0
AU-1080,2024-05-01,837,38451.78,0,0
AU-1080,2024-06-01,888,40794.72,0,0
AU-1080,2024-07-01,827,37992.38,0,0
AU-1080,2024-08-01,800,36752,0,0
AU-1080,2024-09-01,738,33903.72,0,0
AU-1080,2024-10-01,912,41897.28,1,0
AU-1080,2024-11-01,718,32984.92,1,0
AU-1080,2024-12-01,757,34776.58,1,0
AU-1080,2025-01-01,224,10290.56,0,1
AU-1080,2025-02-01,719,33030.86,0,0
AU-1080,2025-03-01,1136,52187.84,1,0
AU-1080,2025-04-01,893,41024.42,0,0
AU-1080,2025-05-01,1013,46537.22,0,0
AU-1080,2025-06-01,974,44745.56,0,0
AU-1080,2025-07-01,943,43321.42,0,0
AU-1080,2025-08-01,865,39738.1,0,0
AU-1080,2025-09-01,856,39324.64,0,0
AU-1080,2025-10-01,744,34179.36,0,0
AU-1080,2025-11-01,660,30320.4,0,0
AU-1080,2025-12-01,610,28023.4,0,0
AU-1080,2026-01-01,669,30733.86,0,0
AU-1080,2026-02-01,812,37303.28,0,0
AU-1080,2026-03-01,910,41805.4,0,0
AU-1080,2026-04-01,975,44791.5,0,0
AU-1080,2026-05-01,1104,50717.76,0,0
AU-1080,2026-06-01,1100,50534,0,0
AU-1081,2023-06-01,753,130223.82,0,0
AU-1081,2023-07-01,686,118636.84,0,0
AU-1081,2023-08-01,669,115696.86,0,0
AU-1081,2023-09-01,599,103591.06,0,0
AU-1081,2023-10-01,576,99613.44,0,0
AU-1081,2023-11-01,409,70732.46,0,0
AU-1081,2023-12-01,366,63296.04,0,0
AU-1081,2024-01-01,425,73499.5,0,0
AU-1081,2024-02-01,579,100132.26,0,0
AU-1081,2024-03-01,684,118290.96,0,0
AU-1081,2024-04-01,808,139735.52,0,0
AU-1081,2024-05-01,879,152014.26,0,0
AU-1081,2024-06-01,874,151149.56,0,0
AU-1081,2024-07-01,790,136622.6,0,0
AU-1081,2024-08-01,752,130050.88,0,0
AU-1081,2024-09-01,728,125900.32,0,0
AU-1081,2024-10-01,642,111027.48,0,0
AU-1081,2024-11-01,527,91139.38,0,0
AU-1081,2024-12-01,525,90793.5,0,0
AU-1081,2025-01-01,720,124516.8,1,0
AU-1081,2025-02-01,684,118290.96,0,0
AU-1081,2025-03-01,1177,203550.38,1,0
AU-1081,2025-04-01,922,159450.68,0,0
AU-1081,2025-05-01,946,163601.24,0,0
AU-1081,2025-06-01,1013,175188.22,0,0
AU-1081,2025-07-01,895,154781.3,0,0
AU-1081,2025-08-01,874,151149.56,0,0
AU-1081,2025-09-01,811,140254.34,0,0
AU-1081,2025-10-01,1147,198362.18,1,0
AU-1081,2025-11-01,987,170691.78,1,0
AU-1081,2025-12-01,615,106358.1,0,0
AU-1081,2026-01-01,692,119674.48,0,0
AU-1081,2026-02-01,1082,187121.08,1,0
AU-1081,2026-03-01,924,159796.56,0,0
AU-1081,2026-04-01,413,71424.22,0,1
AU-1081,2026-05-01,1451,250935.94,1,0
AU-1081,2026-06-01,1119,193519.86,0,0
AU-1082,2023-06-01,805,89016.9,0,0
AU-1082,2023-07-01,690,76300.2,0,0
AU-1082,2023-08-01,660,72982.8,0,0
AU-1082,2023-09-01,605,66900.9,0,0
AU-1082,2023-10-01,718,79396.44,1,0
AU-1082,2023-11-01,408,45116.64,0,0
AU-1082,2023-12-01,383,42352.14,0,0
AU-1082,2024-01-01,418,46222.44,0,0
AU-1082,2024-02-01,614,67896.12,0,0
AU-1082,2024-03-01,701,77516.58,0,0
AU-1082,2024-04-01,1070,118320.6,1,0
AU-1082,2024-05-01,867,95872.86,0,0
AU-1082,2024-06-01,1160,128272.8,1,0
AU-1082,2024-07-01,799,88353.42,0,0
AU-1082,2024-08-01,754,83377.32,0,0
AU-1082,2024-09-01,1061,117325.38,1,0
AU-1082,2024-10-01,895,98969.1,1,0
AU-1082,2024-11-01,521,57612.18,0,0
AU-1082,2024-12-01,681,75304.98,1,0
AU-1082,2025-01-01,557,61593.06,0,0
AU-1082,2025-02-01,720,79617.6,0,0
AU-1082,2025-03-01,786,86915.88,0,0
AU-1082,2025-04-01,868,95983.44,0,0
AU-1082,2025-05-01,959,106046.22,0,0
AU-1082,2025-06-01,997,110248.26,0,0
AU-1082,2025-07-01,913,100959.54,0,0
AU-1082,2025-08-01,921,101844.18,0,0
AU-1082,2025-09-01,857,94767.06,0,0
AU-1082,2025-10-01,1208,133580.64,1,0
AU-1082,2025-11-01,807,89238.06,1,0
AU-1082,2025-12-01,625,69112.5,0,0
AU-1082,2026-01-01,649,71766.42,0,0
AU-1082,2026-02-01,768,84925.44,0,0
AU-1082,2026-03-01,887,98084.46,0,0
AU-1082,2026-04-01,1037,114671.46,0,0
AU-1082,2026-05-01,1397,154480.26,1,0
AU-1082,2026-06-01,1097,121306.26,0,0
AU-1083,2023-06-01,766,66963.72,0,0
AU-1083,2023-07-01,698,61019.16,0,0
AU-1083,2023-08-01,679,59358.18,0,0
AU-1083,2023-09-01,659,57609.78,0,0
AU-1083,2023-10-01,529,46245.18,0,0
AU-1083,2023-11-01,400,34968,0,0
AU-1083,2023-12-01,562,49130.04,1,0
AU-1083,2024-01-01,447,39076.74,0,0
AU-1083,2024-02-01,554,48430.68,0,0
AU-1083,2024-03-01,646,56473.32,0,0
AU-1083,2024-04-01,800,69936,0,0
AU-1083,2024-05-01,881,77017.02,0,0
AU-1083,2024-06-01,886,77454.12,0,0
AU-1083,2024-07-01,859,75093.78,0,0
AU-1083,2024-08-01,814,71159.88,0,0
AU-1083,2024-09-01,721,63029.82,0,0
AU-1083,2024-10-01,664,58046.88,0,0
AU-1083,2024-11-01,524,45808.08,0,0
AU-1083,2024-12-01,650,56823,1,0
AU-1083,2025-01-01,521,45545.82,0,0
AU-1083,2025-02-01,682,59620.44,0,0
AU-1083,2025-03-01,799,69848.58,0,0
AU-1083,2025-04-01,883,77191.86,0,0
AU-1083,2025-05-01,951,83136.42,0,0
AU-1083,2025-06-01,968,84622.56,0,0
AU-1083,2025-07-01,967,84535.14,0,0
AU-1083,2025-08-01,918,80251.56,0,0
AU-1083,2025-09-01,809,70722.78,0,0
AU-1083,2025-10-01,770,67313.4,0,0
AU-1083,2025-11-01,919,80338.98,1,0
AU-1083,2025-12-01,616,53850.72,0,0
AU-1083,2026-01-01,906,79202.52,1,0
AU-1083,2026-02-01,331,28936.02,0,1
AU-1083,2026-03-01,927,81038.34,0,0
AU-1083,2026-04-01,1026,89692.92,0,0
AU-1083,2026-05-01,1093,95550.06,0,0
AU-1083,2026-06-01,429,37503.18,0,1
AU-1084,2023-06-01,803,164406.22,0,0
AU-1084,2023-07-01,708,144955.92,0,0
AU-1084,2023-08-01,690,141270.6,0,0
AU-1084,2023-09-01,617,126324.58,0,0
AU-1084,2023-10-01,573,117316.02,0,0
AU-1084,2023-11-01,610,124891.4,1,0
AU-1084,2023-12-01,400,81896,0,0
AU-1084,2024-01-01,481,98479.94,0,0
AU-1084,2024-02-01,562,115063.88,0,0
AU-1084,2024-03-01,659,134923.66,0,0
AU-1084,2024-04-01,800,163792,0,0
AU-1084,2024-05-01,1129,231151.46,1,0
AU-1084,2024-06-01,912,186722.88,0,0
AU-1084,2024-07-01,338,69202.12,0,1
AU-1084,2024-08-01,765,156626.1,0,0
AU-1084,2024-09-01,720,147412.8,0,0
AU-1084,2024-10-01,666,136356.84,0,0
AU-1084,2024-11-01,569,116497.06,0,0
AU-1084,2024-12-01,539,110354.86,0,0
AU-1084,2025-01-01,525,107488.5,0,0
AU-1084,2025-02-01,722,147822.28,0,0
AU-1084,2025-03-01,810,165839.4,0,0
AU-1084,2025-04-01,886,181399.64,0,0
AU-1084,2025-05-01,1008,206377.92,0,0
AU-1084,2025-06-01,1026,210063.24,0,0
AU-1084,2025-07-01,1296,265343.04,1,0
AU-1084,2025-08-01,514,105236.36,1,1
AU-1084,2025-09-01,850,174029,0,0
AU-1084,2025-10-01,1089,222961.86,1,0
AU-1084,2025-11-01,665,136152.1,0,0
AU-1084,2025-12-01,584,119568.16,0,0
AU-1084,2026-01-01,631,129190.94,0,0
AU-1084,2026-02-01,806,165020.44,0,0
AU-1084,2026-03-01,933,191022.42,0,0
AU-1084,2026-04-01,977,200030.98,0,0
AU-1084,2026-05-01,1127,230741.98,0,0
AU-1084,2026-06-01,1139,233198.86,0,0
AU-1085,2023-06-01,806,115112.92,0,0
AU-1085,2023-07-01,713,101830.66,0,0
AU-1085,2023-08-01,698,99688.36,0,0
AU-1085,2023-09-01,653,93261.46,0,0
AU-1085,2023-10-01,785,112113.7,1,0
AU-1085,2023-11-01,415,59270.3,0,0
AU-1085,2023-12-01,408,58270.56,0,0
AU-1085,2024-01-01,649,92690.18,1,0
AU-1085,2024-02-01,592,84549.44,0,0
AU-1085,2024-03-01,661,94404.02,0,0
AU-1085,2024-04-01,824,117683.68,0,0
AU-1085,2024-05-01,868,123967.76,0,0
AU-1085,2024-06-01,863,123253.66,0,0
AU-1085,2024-07-01,823,117540.86,0,0
AU-1085,2024-08-01,818,116826.76,0,0
AU-1085,2024-09-01,763,108971.66,0,0
AU-1085,2024-10-01,655,93547.1,0,0
AU-1085,2024-11-01,565,80693.3,0,0
AU-1085,2024-12-01,512,73123.84,0,0
AU-1085,2025-01-01,575,82121.5,0,0
AU-1085,2025-02-01,707,100973.74,0,0
AU-1085,2025-03-01,816,116541.12,0,0
AU-1085,2025-04-01,888,126824.16,0,0
AU-1085,2025-05-01,988,141106.16,0,0
AU-1085,2025-06-01,1004,143391.28,0,0
AU-1085,2025-07-01,901,128680.82,0,0
AU-1085,2025-08-01,923,131822.86,0,0
AU-1085,2025-09-01,862,123110.84,0,0
AU-1085,2025-10-01,795,113541.9,0,0
AU-1085,2025-11-01,679,96974.78,0,0
AU-1085,2025-12-01,633,90405.06,0,0
AU-1085,2026-01-01,628,89690.96,0,0
AU-1085,2026-02-01,827,118112.14,0,0
AU-1085,2026-03-01,863,123253.66,0,0
AU-1085,2026-04-01,1012,144533.84,0,0
AU-1085,2026-05-01,1101,157244.82,0,0
AU-1085,2026-06-01,1107,158101.74,0,0
AU-1086,2023-06-01,775,45539,0,0
AU-1086,2023-07-01,736,43247.36,0,0
AU-1086,2023-08-01,683,40133.08,0,0
AU-1086,2023-09-01,620,36431.2,0,0
AU-1086,2023-10-01,573,33669.48,0,0
AU-1086,2023-11-01,458,26912.08,0,0
AU-1086,2023-12-01,387,22740.12,0,0
AU-1086,2024-01-01,433,25443.08,0,0
AU-1086,2024-02-01,867,50944.92,1,0
AU-1086,2024-03-01,706,41484.56,0,0
AU-1086,2024-04-01,784,46067.84,0,0
AU-1086,2024-05-01,876,51473.76,0,0
AU-1086,2024-06-01,871,51179.96,0,0
AU-1086,2024-07-01,815,47889.4,0,0
AU-1086,2024-08-01,792,46537.92,0,0
AU-1086,2024-09-01,735,43188.6,0,0
AU-1086,2024-10-01,832,48888.32,1,0
AU-1086,2024-11-01,536,31495.36,0,0
AU-1086,2024-12-01,515,30261.4,0,0
AU-1086,2025-01-01,557,32729.32,0,0
AU-1086,2025-02-01,686,40309.36,0,0
AU-1086,2025-03-01,760,44657.6,0,0
AU-1086,2025-04-01,913,53647.88,0,0
AU-1086,2025-05-01,1005,59053.8,0,0
AU-1086,2025-06-01,1002,58877.52,0,0
AU-1086,2025-07-01,905,53177.8,0,0
AU-1086,2025-08-01,872,51238.72,0,0
AU-1086,2025-09-01,1246,73214.96,1,0
AU-1086,2025-10-01,776,45597.76,0,0
AU-1086,2025-11-01,638,37488.88,0,0
AU-1086,2025-12-01,627,36842.52,0,0
AU-1086,2026-01-01,630,37018.8,0,0
AU-1086,2026-02-01,810,47595.6,0,0
AU-1086,2026-03-01,909,53412.84,0,0
AU-1086,2026-04-01,1038,60992.88,0,0
AU-1086,2026-05-01,1087,63872.12,0,0
AU-1086,2026-06-01,1136,66751.36,0,0
AU-1087,2023-06-01,819,223349.49,0,0
AU-1087,2023-07-01,1101,300253.71,1,0
AU-1087,2023-08-01,692,188715.32,0,0
AU-1087,2023-09-01,889,242439.19,1,0
AU-1087,2023-10-01,541,147536.11,0,0
AU-1087,2023-11-01,432,117810.72,0,0
AU-1087,2023-12-01,372,101448.12,0,0
AU-1087,2024-01-01,413,112629.23,0,0
AU-1087,2024-02-01,590,160898.9,0,0
AU-1087,2024-03-01,670,182715.7,0,0
AU-1087,2024-04-01,813,221713.23,0,0
AU-1087,2024-05-01,886,241621.06,0,0
AU-1087,2024-06-01,873,238075.83,0,0
AU-1087,2024-07-01,834,227440.14,0,0
AU-1087,2024-08-01,806,219804.26,0,0
AU-1087,2024-09-01,758,206714.18,0,0
AU-1087,2024-10-01,629,171534.59,0,0
AU-1087,2024-11-01,641,174807.11,1,0
AU-1087,2024-12-01,514,140172.94,0,0
AU-1087,2025-01-01,542,147808.82,0,0
AU-1087,2025-02-01,693,188988.03,0,0
AU-1087,2025-03-01,818,223076.78,0,0
AU-1087,2025-04-01,939,256074.69,0,0
AU-1087,2025-05-01,1026,279800.46,0,0
AU-1087,2025-06-01,994,271073.74,0,0
AU-1087,2025-07-01,948,258529.08,0,0
AU-1087,2025-08-01,889,242439.19,0,0
AU-1087,2025-09-01,1314,358340.94,1,0
AU-1087,2025-10-01,751,204805.21,0,0
AU-1087,2025-11-01,809,220622.39,1,0
AU-1087,2025-12-01,602,164171.42,0,0
AU-1087,2026-01-01,642,175079.82,0,0
AU-1087,2026-02-01,824,224713.04,0,0
AU-1087,2026-03-01,899,245166.29,0,0
AU-1087,2026-04-01,1010,275437.1,0,0
AU-1087,2026-05-01,1130,308162.3,0,0
AU-1087,2026-06-01,1124,306526.04,0,0
AU-1088,2023-06-01,754,154366.42,0,0
AU-1088,2023-07-01,705,144334.65,0,0
AU-1088,2023-08-01,277,56710.21,0,1
AU-1088,2023-09-01,639,130822.47,0,0
AU-1088,2023-10-01,516,105640.68,0,0
AU-1088,2023-11-01,413,84553.49,0,0
AU-1088,2023-12-01,397,81277.81,0,0
AU-1088,2024-01-01,471,96427.83,0,0
AU-1088,2024-02-01,556,113829.88,0,0
AU-1088,2024-03-01,717,146791.41,0,0
AU-1088,2024-04-01,1114,228069.22,1,0
AU-1088,2024-05-01,1216,248951.68,1,0
AU-1088,2024-06-01,877,179548.21,0,0
AU-1088,2024-07-01,811,166036.03,0,0
AU-1088,2024-08-01,1071,219265.83,1,0
AU-1088,2024-09-01,1030,210871.9,1,0
AU-1088,2024-10-01,636,130208.28,0,0
AU-1088,2024-11-01,544,111373.12,0,0
AU-1088,2024-12-01,481,98475.13,0,0
AU-1088,2025-01-01,542,110963.66,0,0
AU-1088,2025-02-01,691,141468.43,0,0
AU-1088,2025-03-01,765,156618.45,0,0
AU-1088,2025-04-01,923,188965.79,0,0
AU-1088,2025-05-01,1357,277818.61,1,0
AU-1088,2025-06-01,972,198997.56,0,0
AU-1088,2025-07-01,1409,288464.57,1,0
AU-1088,2025-08-01,887,181595.51,0,0
AU-1088,2025-09-01,851,174225.23,0,0
AU-1088,2025-10-01,760,155594.8,0,0
AU-1088,2025-11-01,663,135735.99,0,0
AU-1088,2025-12-01,607,124271.11,0,0
AU-1088,2026-01-01,690,141263.7,0,0
AU-1088,2026-02-01,801,163988.73,0,0
AU-1088,2026-03-01,939,192241.47,0,0
AU-1088,2026-04-01,990,202682.7,0,0
AU-1088,2026-05-01,1136,232573.28,0,0
AU-1088,2026-06-01,1084,221927.32,0,0
AU-1089,2023-06-01,752,163680.32,0,0
AU-1089,2023-07-01,693,150838.38,0,0
AU-1089,2023-08-01,716,155844.56,0,0
AU-1089,2023-09-01,603,131248.98,0,0
AU-1089,2023-10-01,515,112094.9,0,0
AU-1089,2023-11-01,418,90981.88,0,0
AU-1089,2023-12-01,423,92070.18,0,0
AU-1089,2024-01-01,439,95552.74,0,0
AU-1089,2024-02-01,579,126025.14,0,0
AU-1089,2024-03-01,658,143220.28,0,0
AU-1089,2024-04-01,770,167598.2,0,0
AU-1089,2024-05-01,886,192846.76,0,0
AU-1089,2024-06-01,1206,262497.96,1,0
AU-1089,2024-07-01,803,174780.98,0,0
AU-1089,2024-08-01,786,171080.76,0,0
AU-1089,2024-09-01,710,154538.6,0,0
AU-1089,2024-10-01,682,148444.12,0,0
AU-1089,2024-11-01,739,160850.74,1,0
AU-1089,2024-12-01,501,109047.66,0,0
AU-1089,2025-01-01,527,114706.82,0,0
AU-1089,2025-02-01,976,212436.16,1,0
AU-1089,2025-03-01,801,174345.66,0,0
AU-1089,2025-04-01,910,198070.6,0,0
AU-1089,2025-05-01,1001,217877.66,0,0
AU-1089,2025-06-01,1025,223101.5,0,0
AU-1089,2025-07-01,935,203512.1,0,0
AU-1089,2025-08-01,915,199158.9,0,0
AU-1089,2025-09-01,821,178698.86,0,0
AU-1089,2025-10-01,1000,217660,1,0
AU-1089,2025-11-01,668,145396.88,0,0
AU-1089,2025-12-01,640,139302.4,0,0
AU-1089,2026-01-01,650,141479,0,0
AU-1089,2026-02-01,1061,230937.26,1,0
AU-1089,2026-03-01,897,195241.02,0,0
AU-1089,2026-04-01,1027,223536.82,0,0
AU-1089,2026-05-01,1122,244214.52,0,0
AU-1089,2026-06-01,1130,245955.8,0,0